"year","drivers_name","final_position_each_yr"
"1952","Adolf Brudes","67"
"1953","Adolfo Cruz","17"
"2007","Adrian Sutil","19"
"2008","Adrian Sutil","20"
"2009","Adrian Sutil","17"
"2010","Adrian Sutil","11"
"2011","Adrian Sutil","9"
"2013","Adrian Sutil","13"
"2014","Adrian Sutil","18"
"1987","AdriÃ¡n Campos","28"
"1988","AdriÃ¡n Campos","26"
"1988","Aguri Suzuki","35"
"1989","Aguri Suzuki","44"
"1990","Aguri Suzuki","12"
"1991","Aguri Suzuki","22"
"1992","Aguri Suzuki","20"
"1993","Aguri Suzuki","24"
"1994","Aguri Suzuki","25"
"1995","Aguri Suzuki","16"
"1955","Al Herman","27"
"1956","Al Herman","57"
"1957","Al Herman","49"
"1959","Al Herman","19"
"1960","Al Herman","50"
"1955","Al Keller","62"
"1956","Al Keller","32"
"1957","Al Keller","56"
"1958","Al Keller","27"
"1959","Al Keller","35"
"1967","Al Pease","34"
"1959","Alain de Changy","19"
"1980","Alain Prost","16"
"1981","Alain Prost","5"
"1982","Alain Prost","4"
"1983","Alain Prost","2"
"1984","Alain Prost","2"
"1985","Alain Prost","1"
"1986","Alain Prost","1"
"1987","Alain Prost","4"
"1988","Alain Prost","2"
"1989","Alain Prost","1"
"1990","Alain Prost","2"
"1991","Alain Prost","5"
"1993","Alain Prost","1"
"1952","Alan Brown","16"
"1953","Alan Brown","38"
"1954","Alan Brown","87"
"1975","Alan Jones","17"
"1976","Alan Jones","15"
"1977","Alan Jones","7"
"1978","Alan Jones","11"
"1979","Alan Jones","3"
"1980","Alan Jones","1"
"1981","Alan Jones","3"
"1983","Alan Jones","20"
"1985","Alan Jones","35"
"1986","Alan Jones","12"
"1967","Alan Rees","22"
"1965","Alan Rollinson","34"
"1958","Alan Stacey","52"
"1959","Alan Stacey","30"
"1960","Alan Stacey","58"
"1953","Albert Scherrer","39"
"1950","Alberto Ascari","5"
"1951","Alberto Ascari","2"
"1952","Alberto Ascari","1"
"1953","Alberto Ascari","1"
"1954","Alberto Ascari","25"
"1955","Alberto Ascari","24"
"1978","Alberto Colombo","40"
"1952","Alberto Crespo","94"
"1960","Alberto Rodriguez Larreta","10"
"1955","Alberto Uria","19"
"1956","Alberto Uria","9"
"1951","Aldo Gordini","40"
"1957","Alessandro de Tomaso","12"
"1959","Alessandro de Tomaso","50"
"1986","Alessandro Nannini","29"
"1987","Alessandro Nannini","26"
"1988","Alessandro Nannini","10"
"1989","Alessandro Nannini","6"
"1990","Alessandro Nannini","7"
"1976","Alessandro Pesenti-Rossi","31"
"1991","Alessandro Zanardi","31"
"1993","Alessandro Zanardi","18"
"1994","Alessandro Zanardi","30"
"1999","Alessandro Zanardi","19"
"1965","Alex Blignaut","31"
"1986","Alex Caffi","28"
"1987","Alex Caffi","27"
"1988","Alex Caffi","19"
"1989","Alex Caffi","19"
"1990","Alex Caffi","16"
"1991","Alex Caffi","33"
"1976","Alex Ribeiro","35"
"1977","Alex Ribeiro","27"
"1979","Alex Ribeiro","36"
"1970","Alex Soler-Roig","33"
"1971","Alex Soler-Roig","27"
"1972","Alex Soler-Roig","28"
"2001","Alex Yoong","26"
"2002","Alex Yoong","20"
"2019","Alexander Albon","8"
"2020","Alexander Albon","7"
"2022","Alexander Albon","19"
"2023","Alexander Albon","13"
"2024","Alexander Albon","17"
"2015","Alexander Rossi","20"
"1997","Alexander Wurz","14"
"1998","Alexander Wurz","8"
"1999","Alexander Wurz","13"
"2000","Alexander Wurz","15"
"2005","Alexander Wurz","12"
"2007","Alexander Wurz","11"
"1956","Alfonso de Portago","15"
"1957","Alfonso de Portago","5"
"1960","Alfonso Thiele","77"
"1961","Alfonso Thiele","53"
"1950","Alfredo PiÃ¡n","33"
"2002","Allan McNish","19"
"1986","Allen Berg","28"
"1958","AndrÃ© Guelfi","49"
"2014","AndrÃ© Lotterer","23"
"1956","AndrÃ© Milhoux","48"
"1951","AndrÃ© Pilette","17"
"1953","AndrÃ© Pilette","36"
"1954","AndrÃ© Pilette","15"
"1956","AndrÃ© Pilette","27"
"1961","AndrÃ© Pilette","52"
"1963","AndrÃ© Pilette","36"
"1964","AndrÃ© Pilette","26"
"1951","AndrÃ© Simon","22"
"1952","AndrÃ© Simon","25"
"1955","AndrÃ© Simon","60"
"1956","AndrÃ© Simon","38"
"1957","AndrÃ© Simon","39"
"1958","AndrÃ© Testut","27"
"1959","AndrÃ© Testut","24"
"1968","Andrea de Adamich","19"
"1970","Andrea de Adamich","28"
"1971","Andrea de Adamich","30"
"1972","Andrea de Adamich","17"
"1973","Andrea de Adamich","12"
"1980","Andrea de Cesaris","32"
"1981","Andrea de Cesaris","18"
"1982","Andrea de Cesaris","17"
"1983","Andrea de Cesaris","8"
"1984","Andrea de Cesaris","18"
"1985","Andrea de Cesaris","15"
"1986","Andrea de Cesaris","24"
"1987","Andrea de Cesaris","14"
"1988","Andrea de Cesaris","15"
"1989","Andrea de Cesaris","17"
"1990","Andrea de Cesaris","27"
"1991","Andrea de Cesaris","9"
"1992","Andrea de Cesaris","9"
"1993","Andrea de Cesaris","27"
"1994","Andrea de Cesaris","19"
"1994","Andrea Montermini","35"
"1995","Andrea Montermini","25"
"1996","Andrea Montermini","22"
"1951","Andy Linden","6"
"1952","Andy Linden","54"
"1953","Andy Linden","32"
"1954","Andy Linden","24"
"1955","Andy Linden","24"
"1956","Andy Linden","56"
"1957","Andy Linden","12"
"1977","Andy Sutcliffe","46"
"2003","AntÃ´nio Pizzonia","18"
"2004","AntÃ´nio Pizzonia","15"
"2005","AntÃ´nio Pizzonia","22"
"2005","Anthony Davidson","21"
"2007","Anthony Davidson","23"
"2008","Anthony Davidson","20"
"1958","Anthony Foyt","37"
"1959","Anthony Foyt","16"
"1960","Anthony Foyt","43"
"1960","Antonio Creus","21"
"2017","Antonio Giovinazzi","15"
"2019","Antonio Giovinazzi","17"
"2020","Antonio Giovinazzi","17"
"2021","Antonio Giovinazzi","18"
"1956","Archie Scott Brown","67"
"1958","Art Bisch","67"
"1952","Art Cross","10"
"1953","Art Cross","3"
"1954","Art Cross","26"
"1955","Art Cross","47"
"1952","Arthur Legat","33"
"1953","Arthur Legat","63"
"1960","Arthur Owen","81"
"1972","Arturo Merzario","19"
"1973","Arturo Merzario","12"
"1974","Arturo Merzario","17"
"1975","Arturo Merzario","30"
"1976","Arturo Merzario","26"
"1977","Arturo Merzario","38"
"1978","Arturo Merzario","34"
"1979","Arturo Merzario","34"
"1984","Ayrton Senna","9"
"1985","Ayrton Senna","4"
"1986","Ayrton Senna","4"
"1987","Ayrton Senna","3"
"1988","Ayrton Senna","1"
"1989","Ayrton Senna","2"
"1990","Ayrton Senna","1"
"1991","Ayrton Senna","1"
"1992","Ayrton Senna","4"
"1993","Ayrton Senna","2"
"1994","Ayrton Senna","23"
"1959","Azdrubal Fontes","51"
"1952","Ã‰lie Bayol","90"
"1953","Ã‰lie Bayol","83"
"1954","Ã‰lie Bayol","5"
"1955","Ã‰lie Bayol","25"
"1956","Ã‰lie Bayol","12"
"1989","Ã‰ric Bernard","29"
"1990","Ã‰ric Bernard","13"
"1991","Ã‰ric Bernard","21"
"1994","Ã‰ric Bernard","16"
"1991","Ã‰rik Comas","29"
"1992","Ã‰rik Comas","11"
"1993","Ã‰rik Comas","21"
"1994","Ã‰rik Comas","23"
"1956","Ã“scar GonzÃ¡lez","8"
"1968","Basil van Rooyen","16"
"1969","Basil van Rooyen","18"
"1950","Bayliss Levrett","61"
"1962","Ben Pon","20"
"1978","Beppe Gabbiani","38"
"1981","Beppe Gabbiani","34"
"1961","Bernard Collomb","35"
"1962","Bernard Collomb","42"
"1963","Bernard Collomb","22"
"1964","Bernard Collomb","19"
"1977","Bernard de Dryver","38"
"1988","Bernd Schneider","31"
"1989","Bernd Schneider","38"
"1990","Bernd Schneider","29"
"1958","Bernie Ecclestone","30"
"1974","Bertil Roos","43"
"1989","Bertrand Gachot","32"
"1990","Bertrand Gachot","37"
"1991","Bertrand Gachot","13"
"1992","Bertrand Gachot","19"
"1994","Bertrand Gachot","40"
"1995","Bertrand Gachot","26"
"1952","Bill Aston","87"
"1968","Bill Brack","35"
"1969","Bill Brack","22"
"1972","Bill Brack","39"
"1950","Bill Cantrell","60"
"1957","Bill Cheesbourg","55"
"1958","Bill Cheesbourg","25"
"1959","Bill Cheesbourg","41"
"1950","Bill Holland","6"
"1953","Bill Holland","31"
"1954","Bill Homeier","58"
"1955","Bill Homeier","20"
"1960","Bill Homeier","29"
"1951","Bill Mackey","38"
"1959","Bill Moss","70"
"1950","Bill Schindler","59"
"1951","Bill Schindler","28"
"1952","Bill Schindler","23"
"1951","Bill Vukovich","51"
"1952","Bill Vukovich","11"
"1953","Bill Vukovich","2"
"1954","Bill Vukovich","2"
"1955","Bill Vukovich","21"
"1954","Bill Whitehouse","66"
"1956","Billy Garrett","34"
"1958","Billy Garrett","48"
"1963","Bob Anderson","25"
"1964","Bob Anderson","10"
"1965","Bob Anderson","15"
"1966","Bob Anderson","15"
"1967","Bob Anderson","16"
"1965","Bob Bondurant","23"
"1966","Bob Bondurant","14"
"1956","Bob Christie","31"
"1957","Bob Christie","31"
"1958","Bob Christie","34"
"1959","Bob Christie","49"
"1960","Bob Christie","23"
"1960","Bob Drake","54"
"1975","Bob Evans","25"
"1976","Bob Evans","27"
"1950","Bob Gerard","11"
"1951","Bob Gerard","35"
"1953","Bob Gerard","36"
"1954","Bob Gerard","33"
"1956","Bob Gerard","37"
"1957","Bob Gerard","24"
"1959","Bob Said","56"
"1952","Bob Scott","50"
"1953","Bob Scott","27"
"1954","Bob Scott","36"
"1952","Bob Sweikert","47"
"1953","Bob Sweikert","48"
"1954","Bob Sweikert","30"
"1955","Bob Sweikert","3"
"1956","Bob Sweikert","21"
"1956","Bob Veith","24"
"1957","Bob Veith","26"
"1958","Bob Veith","57"
"1959","Bob Veith","18"
"1960","Bob Veith","20"
"1951","Bobby Ball","9"
"1952","Bobby Ball","53"
"1959","Bobby Grim","50"
"1960","Bobby Grim","34"
"1978","Bobby Rahal","33"
"1968","Bobby Unser","35"
"1976","Boy Lunger","38"
"1977","Boy Lunger","40"
"1963","Brausch Niemann","34"
"1965","Brausch Niemann","24"
"2017","Brendon Hartley","23"
"2018","Brendon Hartley","19"
"1975","Brett Lunger","29"
"1976","Brett Lunger","29"
"1977","Brett Lunger","28"
"1978","Brett Lunger","21"
"1965","Brian Gubby","35"
"1967","Brian Hart","30"
"1975","Brian Henton","41"
"1977","Brian Henton","32"
"1981","Brian Henton","28"
"1982","Brian Henton","27"
"1977","Brian McGuire","49"
"1957","Brian Naylor","41"
"1958","Brian Naylor","66"
"1959","Brian Naylor","61"
"1960","Brian Naylor","53"
"1961","Brian Naylor","42"
"1968","Brian Redman","11"
"1970","Brian Redman","36"
"1971","Brian Redman","7"
"1972","Brian Redman","14"
"1974","Brian Redman","18"
"1950","Brian Shawe Taylor","11"
"1951","Brian Shawe Taylor","30"
"1956","Bruce Halford","61"
"1957","Bruce Halford","38"
"1959","Bruce Halford","16"
"1960","Bruce Halford","26"
"1962","Bruce Johnstone","25"
"1958","Bruce Kessler","24"
"1958","Bruce McLaren","24"
"1959","Bruce McLaren","6"
"1960","Bruce McLaren","2"
"1961","Bruce McLaren","8"
"1962","Bruce McLaren","3"
"1963","Bruce McLaren","6"
"1964","Bruce McLaren","7"
"1965","Bruce McLaren","9"
"1966","Bruce McLaren","16"
"1967","Bruce McLaren","14"
"1968","Bruce McLaren","5"
"1969","Bruce McLaren","3"
"1970","Bruce McLaren","5"
"1977","Bruno Giacomelli","40"
"1978","Bruno Giacomelli","21"
"1979","Bruno Giacomelli","32"
"1980","Bruno Giacomelli","18"
"1981","Bruno Giacomelli","15"
"1982","Bruno Giacomelli","22"
"1983","Bruno Giacomelli","19"
"1990","Bruno Giacomelli","38"
"2010","Bruno Senna","23"
"2011","Bruno Senna","18"
"2012","Bruno Senna","16"
"1960","Bud Tingelstad","22"
"1953","Cal Niday","54"
"1954","Cal Niday","21"
"1955","Cal Niday","46"
"1957","Carel Godin de Beaufort","42"
"1958","Carel Godin de Beaufort","40"
"1959","Carel Godin de Beaufort","25"
"1960","Carel Godin de Beaufort","22"
"1961","Carel Godin de Beaufort","19"
"1962","Carel Godin de Beaufort","17"
"1963","Carel Godin de Beaufort","14"
"1964","Carel Godin de Beaufort","19"
"1951","Carl Forberg","15"
"1951","Carl Scarborough","37"
"1953","Carl Scarborough","28"
"1962","Carlo Abate","30"
"1963","Carlo Abate","42"
"1974","Carlo Facetti","54"
"1978","Carlo Franchi","41"
"1953","Carlos Menditeguy","15"
"1954","Carlos Menditeguy","16"
"1955","Carlos Menditeguy","19"
"1956","Carlos Menditeguy","13"
"1957","Carlos Menditeguy","12"
"1958","Carlos Menditeguy","7"
"1960","Carlos Menditeguy","3"
"1972","Carlos Pace","18"
"1973","Carlos Pace","11"
"1974","Carlos Pace","12"
"1975","Carlos Pace","6"
"1976","Carlos Pace","14"
"1977","Carlos Pace","5"
"1972","Carlos Reutemann","16"
"1973","Carlos Reutemann","7"
"1974","Carlos Reutemann","6"
"1975","Carlos Reutemann","3"
"1976","Carlos Reutemann","16"
"1977","Carlos Reutemann","4"
"1978","Carlos Reutemann","3"
"1979","Carlos Reutemann","7"
"1980","Carlos Reutemann","3"
"1981","Carlos Reutemann","2"
"1982","Carlos Reutemann","3"
"2015","Carlos Sainz","15"
"2016","Carlos Sainz","12"
"2017","Carlos Sainz","9"
"2018","Carlos Sainz","10"
"2019","Carlos Sainz","6"
"2020","Carlos Sainz","6"
"2021","Carlos Sainz","5"
"2022","Carlos Sainz","5"
"2023","Carlos Sainz","7"
"2024","Carlos Sainz","4"
"1958","Carroll Shelby","21"
"1959","Carroll Shelby","26"
"1950","Cecil Green","11"
"1951","Cecil Green","44"
"1955","Cesare Perdisa","15"
"1956","Cesare Perdisa","13"
"1957","Cesare Perdisa","9"
"1952","Charles de Tornaco","29"
"2018","Charles Leclerc","13"
"2019","Charles Leclerc","4"
"2020","Charles Leclerc","8"
"2021","Charles Leclerc","7"
"2022","Charles Leclerc","2"
"2023","Charles Leclerc","5"
"2024","Charles Leclerc","3"
"2012","Charles Pic","21"
"2013","Charles Pic","20"
"1950","Charles Pozzi","25"
"1951","Chet Miller","47"
"1952","Chet Miller","51"
"1951","Chico Landi","62"
"1952","Chico Landi","36"
"1953","Chico Landi","71"
"1956","Chico Landi","7"
"1981","Chico Serra","25"
"1982","Chico Serra","26"
"1983","Chico Serra","14"
"1963","Chris Amon","18"
"1964","Chris Amon","16"
"1965","Chris Amon","27"
"1966","Chris Amon","21"
"1967","Chris Amon","5"
"1968","Chris Amon","10"
"1969","Chris Amon","9"
"1970","Chris Amon","8"
"1971","Chris Amon","11"
"1972","Chris Amon","10"
"1973","Chris Amon","21"
"1974","Chris Amon","30"
"1975","Chris Amon","32"
"1976","Chris Amon","18"
"1959","Chris Bristow","30"
"1960","Chris Bristow","61"
"1971","Chris Craft","48"
"1966","Chris Irwin","16"
"1967","Chris Irwin","16"
"1966","Chris Lawrence","22"
"1985","Christian Danner","31"
"1986","Christian Danner","18"
"1987","Christian Danner","23"
"1989","Christian Danner","20"
"1992","Christian Fittipaldi","18"
"1993","Christian Fittipaldi","14"
"1994","Christian Fittipaldi","15"
"1958","Christian Goethals","51"
"2004","Christian Klien","16"
"2005","Christian Klien","15"
"2006","Christian Klien","18"
"2010","Christian Klien","27"
"2005","Christijan Albers","19"
"2006","Christijan Albers","22"
"2007","Christijan Albers","22"
"1959","Chuck Arnold","21"
"1960","Chuck Daigh","42"
"1951","Chuck Stevenson","41"
"1952","Chuck Stevenson","26"
"1953","Chuck Stevenson","21"
"1954","Chuck Stevenson","28"
"1960","Chuck Stevenson","33"
"1955","Chuck Weyant","35"
"1957","Chuck Weyant","32"
"1958","Chuck Weyant","54"
"1959","Chuck Weyant","52"
"1990","Claudio Langes","37"
"1970","Clay Regazzoni","3"
"1971","Clay Regazzoni","7"
"1972","Clay Regazzoni","7"
"1973","Clay Regazzoni","18"
"1974","Clay Regazzoni","2"
"1975","Clay Regazzoni","5"
"1976","Clay Regazzoni","5"
"1977","Clay Regazzoni","17"
"1978","Clay Regazzoni","16"
"1979","Clay Regazzoni","5"
"1980","Clay Regazzoni","20"
"1954","Clemar Bucci","67"
"1955","Clemar Bucci","15"
"1950","Clemente Biondetti","64"
"1958","Cliff Allison","19"
"1959","Cliff Allison","17"
"1960","Cliff Allison","3"
"1961","Cliff Allison","14"
"1951","Cliff Griffith","50"
"1952","Cliff Griffith","18"
"1956","Cliff Griffith","28"
"1965","Clive Puzey","26"
"1956","Colin Chapman","54"
"1959","Colin Davis","36"
"1962","Colin Davis","28"
"1976","Conny Andersson","40"
"1977","Conny Andersson","39"
"1950","Consalvo Sanesi","71"
"1951","Consalvo Sanesi","11"
"1983","Corrado Fabi","27"
"1984","Corrado Fabi","20"
"2003","Cristiano da Matta","13"
"2004","Cristiano da Matta","15"
"1950","Cuth Harrison","30"
"1975","Damien Magee","30"
"1976","Damien Magee","40"
"1992","Damon Hill","26"
"1993","Damon Hill","3"
"1994","Damon Hill","2"
"1995","Damon Hill","2"
"1996","Damon Hill","1"
"1997","Damon Hill","12"
"1998","Damon Hill","6"
"1999","Damon Hill","12"
"1959","Dan Gurney","5"
"1960","Dan Gurney","41"
"1961","Dan Gurney","4"
"1962","Dan Gurney","5"
"1963","Dan Gurney","5"
"1964","Dan Gurney","6"
"1965","Dan Gurney","4"
"1966","Dan Gurney","12"
"1967","Dan Gurney","8"
"1968","Dan Gurney","21"
"1970","Dan Gurney","19"
"2011","Daniel Ricciardo","27"
"2012","Daniel Ricciardo","18"
"2013","Daniel Ricciardo","14"
"2014","Daniel Ricciardo","3"
"2015","Daniel Ricciardo","8"
"2016","Daniel Ricciardo","3"
"2017","Daniel Ricciardo","5"
"2018","Daniel Ricciardo","6"
"2019","Daniel Ricciardo","9"
"2020","Daniel Ricciardo","5"
"2021","Daniel Ricciardo","8"
"2022","Daniel Ricciardo","11"
"2023","Daniel Ricciardo","17"
"2024","Daniel Ricciardo","13"
"2014","Daniil Kvyat","15"
"2015","Daniil Kvyat","7"
"2016","Daniil Kvyat","14"
"2017","Daniil Kvyat","19"
"2019","Daniil Kvyat","13"
"2020","Daniil Kvyat","14"
"1954","Danny Kladis","55"
"1977","Danny Ongais","25"
"1978","Danny Ongais","33"
"1983","Danny Sullivan","17"
"1965","Dave Charlton","28"
"1967","Dave Charlton","7"
"1968","Dave Charlton","22"
"1970","Dave Charlton","12"
"1971","Dave Charlton","29"
"1972","Dave Charlton","35"
"1973","Dave Charlton","27"
"1974","Dave Charlton","27"
"1975","Dave Charlton","23"
"1980","Dave Kennedy","29"
"1975","Dave Morgan","36"
"1990","David Brabham","34"
"1994","David Brabham","31"
"1965","David Clapham","30"
"1994","David Coulthard","7"
"1995","David Coulthard","3"
"1996","David Coulthard","7"
"1997","David Coulthard","3"
"1998","David Coulthard","3"
"1999","David Coulthard","4"
"2000","David Coulthard","3"
"2001","David Coulthard","2"
"2002","David Coulthard","5"
"2003","David Coulthard","7"
"2004","David Coulthard","10"
"2005","David Coulthard","12"
"2006","David Coulthard","13"
"2007","David Coulthard","10"
"2008","David Coulthard","16"
"1950","David Hampshire","35"
"1967","David Hobbs","23"
"1968","David Hobbs","28"
"1971","David Hobbs","27"
"1974","David Hobbs","22"
"1950","David Murray","56"
"1951","David Murray","53"
"1952","David Murray","76"
"1959","David Piper","57"
"1960","David Piper","39"
"1963","David Prophet","43"
"1965","David Prophet","14"
"1973","David Purley","28"
"1974","David Purley","46"
"1977","David Purley","34"
"1971","David Walker","29"
"1972","David Walker","28"
"1958","Dempsey Wilson","36"
"1960","Dempsey Wilson","51"
"1952","Dennis Poore","14"
"1959","Dennis Taylor","73"
"1965","Denny Hulme","10"
"1966","Denny Hulme","4"
"1967","Denny Hulme","1"
"1968","Denny Hulme","3"
"1969","Denny Hulme","6"
"1970","Denny Hulme","4"
"1971","Denny Hulme","13"
"1972","Denny Hulme","3"
"1973","Denny Hulme","6"
"1974","Denny Hulme","7"
"1968","Derek Bell","38"
"1969","Derek Bell","23"
"1970","Derek Bell","25"
"1971","Derek Bell","30"
"1972","Derek Bell","42"
"1974","Derek Bell","33"
"1978","Derek Daly","20"
"1979","Derek Daly","26"
"1980","Derek Daly","12"
"1981","Derek Daly","23"
"1982","Derek Daly","13"
"1981","Derek Warwick","33"
"1982","Derek Warwick","32"
"1983","Derek Warwick","14"
"1984","Derek Warwick","7"
"1985","Derek Warwick","14"
"1986","Derek Warwick","21"
"1987","Derek Warwick","16"
"1988","Derek Warwick","8"
"1989","Derek Warwick","10"
"1990","Derek Warwick","14"
"1993","Derek Warwick","16"
"1980","DesirÃ© Wilson","34"
"1956","Desmond Titterington","53"
"1957","Dick Gibson","64"
"1958","Dick Gibson","64"
"1950","Dick Rathmann","65"
"1956","Dick Rathmann","13"
"1958","Dick Rathmann","58"
"1959","Dick Rathmann","40"
"1960","Dick Rathmann","49"
"1978","Didier Pironi","15"
"1979","Didier Pironi","10"
"1980","Didier Pironi","5"
"1981","Didier Pironi","13"
"1982","Didier Pironi","1"
"1974","Dieter Quester","28"
"1976","Divina Galica","40"
"1978","Divina Galica","28"
"1994","Domenico Schiattarella","37"
"1995","Domenico Schiattarella","19"
"1954","Don Beauman","39"
"1959","Don Branson","47"
"1960","Don Branson","8"
"1957","Don Edmunds","46"
"1953","Don Freeland","53"
"1954","Don Freeland","15"
"1955","Don Freeland","44"
"1956","Don Freeland","8"
"1957","Don Freeland","35"
"1958","Don Freeland","18"
"1959","Don Freeland","43"
"1960","Don Freeland","40"
"1950","Dorino Serafini","13"
"1962","Doug Serrurier","37"
"1963","Doug Serrurier","28"
"1965","Doug Serrurier","23"
"1952","Dries van der Lof","70"
"1950","Duane Carter","30"
"1951","Duane Carter","16"
"1952","Duane Carter","7"
"1953","Duane Carter","7"
"1954","Duane Carter","10"
"1955","Duane Carter","34"
"1959","Duane Carter","13"
"1960","Duane Carter","28"
"1950","Duke Dinsmore","66"
"1951","Duke Dinsmore","46"
"1953","Duke Dinsmore","33"
"1956","Duke Dinsmore","35"
"1951","Duke Nalon","25"
"1952","Duke Nalon","46"
"1953","Duke Nalon","26"
"1951","Duncan Hamilton","38"
"1952","Duncan Hamilton","27"
"1953","Duncan Hamilton","78"
"1954","Ed Elisian","37"
"1955","Ed Elisian","65"
"1956","Ed Elisian","51"
"1957","Ed Elisian","58"
"1958","Ed Elisian","60"
"1978","Eddie Cheever","30"
"1980","Eddie Cheever","27"
"1981","Eddie Cheever","12"
"1982","Eddie Cheever","12"
"1983","Eddie Cheever","7"
"1984","Eddie Cheever","16"
"1985","Eddie Cheever","26"
"1986","Eddie Cheever","28"
"1987","Eddie Cheever","10"
"1988","Eddie Cheever","12"
"1989","Eddie Cheever","11"
"1993","Eddie Irvine","22"
"1994","Eddie Irvine","16"
"1995","Eddie Irvine","12"
"1996","Eddie Irvine","10"
"1997","Eddie Irvine","7"
"1998","Eddie Irvine","4"
"1999","Eddie Irvine","2"
"2000","Eddie Irvine","13"
"2001","Eddie Irvine","12"
"2002","Eddie Irvine","9"
"1952","Eddie Johnson","25"
"1953","Eddie Johnson","16"
"1954","Eddie Johnson","50"
"1955","Eddie Johnson","36"
"1956","Eddie Johnson","33"
"1957","Eddie Johnson","54"
"1958","Eddie Johnson","23"
"1959","Eddie Johnson","14"
"1960","Eddie Johnson","16"
"1973","Eddie Keizan","23"
"1974","Eddie Keizan","23"
"1975","Eddie Keizan","22"
"1955","Eddie Russo","57"
"1956","Eddie Russo","52"
"1957","Eddie Russo","61"
"1960","Eddie Russo","44"
"1957","Eddie Sachs","52"
"1958","Eddie Sachs","50"
"1959","Eddie Sachs","34"
"1960","Eddie Sachs","39"
"1953","Edgar Barth","79"
"1957","Edgar Barth","38"
"1958","Edgar Barth","21"
"1960","Edgar Barth","29"
"1961","Edgar Barth","44"
"1964","Edgar Barth","28"
"1952","Eitel Cantoni","51"
"1979","Elio de Angelis","15"
"1980","Elio de Angelis","7"
"1981","Elio de Angelis","8"
"1982","Elio de Angelis","9"
"1983","Elio de Angelis","18"
"1984","Elio de Angelis","3"
"1985","Elio de Angelis","5"
"1986","Elio de Angelis","16"
"1981","Eliseo Salazar","21"
"1982","Eliseo Salazar","23"
"1983","Eliseo Salazar","25"
"1957","Elmer George","62"
"1992","Emanuele Naspetti","28"
"1989","Emanuele Pirro","23"
"1990","Emanuele Pirro","26"
"1991","Emanuele Pirro","18"
"1970","Emerson Fittipaldi","10"
"1971","Emerson Fittipaldi","6"
"1972","Emerson Fittipaldi","1"
"1973","Emerson Fittipaldi","2"
"1974","Emerson Fittipaldi","1"
"1975","Emerson Fittipaldi","2"
"1976","Emerson Fittipaldi","17"
"1977","Emerson Fittipaldi","12"
"1978","Emerson Fittipaldi","10"
"1979","Emerson Fittipaldi","21"
"1980","Emerson Fittipaldi","15"
"1976","Emilio de Villota","35"
"1977","Emilio de Villota","37"
"1978","Emilio de Villota","36"
"1982","Emilio de Villota","37"
"1976","Emilio Zapico","34"
"1989","Enrico Bertaggia","47"
"2001","Enrique Bernoldi","21"
"2002","Enrique Bernoldi","22"
"1974","Eppie Wietzes","54"
"1952","Eric Brandon","35"
"1954","Eric Brandon","84"
"1952","Eric Thompson","18"
"1991","Eric van de Poele","32"
"1992","Eric van de Poele","26"
"1963","Ernesto Brambilla","38"
"1961","Ernesto Prinoth","54"
"1962","Ernesto Prinoth","43"
"1963","Ernie de Vos","42"
"1953","Ernie McCoy","20"
"1954","Ernie McCoy","34"
"1962","Ernie Pieterse","28"
"1963","Ernie Pieterse","45"
"1965","Ernie Pieterse","25"
"1952","Ernst Klodwig","46"
"1953","Ernst Klodwig","56"
"1953","Ernst Loof","98"
"1953","Erwin Bauer","96"
"2013","Esteban GutiÃ©rrez","16"
"2014","Esteban GutiÃ©rrez","20"
"2016","Esteban GutiÃ©rrez","21"
"2016","Esteban Ocon","23"
"2017","Esteban Ocon","8"
"2018","Esteban Ocon","12"
"2020","Esteban Ocon","12"
"2021","Esteban Ocon","11"
"2022","Esteban Ocon","8"
"2023","Esteban Ocon","12"
"2024","Esteban Ocon","18"
"1998","Esteban Tuero","19"
"1960","Ettore Chimeri","20"
"1950","EugÃ¨ne Chaboud","19"
"1951","EugÃ¨ne Chaboud","25"
"1950","EugÃ¨ne Martin","51"
"1955","Eugenio Castellotti","3"
"1956","Eugenio Castellotti","6"
"1957","Eugenio Castellotti","14"
"1991","Fabrizio Barbazza","37"
"1993","Fabrizio Barbazza","15"
"1950","Felice Bonetto","19"
"1951","Felice Bonetto","8"
"1952","Felice Bonetto","19"
"1953","Felice Bonetto","9"
"2002","Felipe Massa","13"
"2004","Felipe Massa","12"
"2005","Felipe Massa","13"
"2006","Felipe Massa","3"
"2007","Felipe Massa","4"
"2008","Felipe Massa","2"
"2009","Felipe Massa","7"
"2010","Felipe Massa","6"
"2011","Felipe Massa","6"
"2012","Felipe Massa","7"
"2013","Felipe Massa","8"
"2014","Felipe Massa","7"
"2015","Felipe Massa","6"
"2016","Felipe Massa","11"
"2017","Felipe Massa","11"
"2015","Felipe Nasr","13"
"2016","Felipe Nasr","17"
"2001","Fernando Alonso","23"
"2003","Fernando Alonso","6"
"2004","Fernando Alonso","4"
"2005","Fernando Alonso","1"
"2006","Fernando Alonso","1"
"2007","Fernando Alonso","3"
"2008","Fernando Alonso","5"
"2009","Fernando Alonso","9"
"2010","Fernando Alonso","2"
"2011","Fernando Alonso","4"
"2012","Fernando Alonso","2"
"2013","Fernando Alonso","2"
"2014","Fernando Alonso","6"
"2015","Fernando Alonso","17"
"2016","Fernando Alonso","10"
"2017","Fernando Alonso","15"
"2018","Fernando Alonso","11"
"2021","Fernando Alonso","10"
"2022","Fernando Alonso","9"
"2023","Fernando Alonso","4"
"2024","Fernando Alonso","9"
"1970","FranÃ§ois Cevert","22"
"1971","FranÃ§ois Cevert","3"
"1972","FranÃ§ois Cevert","6"
"1973","FranÃ§ois Cevert","4"
"1984","FranÃ§ois Hesnault","23"
"1985","FranÃ§ois Hesnault","30"
"1971","FranÃ§ois Mazet","24"
"1972","FranÃ§ois Migault","35"
"1974","FranÃ§ois Migault","32"
"1975","FranÃ§ois Migault","34"
"1958","FranÃ§ois Picard","60"
"1994","Franck Lagorce","33"
"2006","Franck Montagny","24"
"1950","Franco Comotti","66"
"1952","Franco Comotti","34"
"1987","Franco Forini","27"
"1950","Franco Rol","59"
"1951","Franco Rol","36"
"1952","Franco Rol","84"
"1954","Frank Armi","39"
"1963","Frank Dochnal","41"
"1964","Frank Gardner","28"
"1965","Frank Gardner","16"
"1968","Frank Gardner","37"
"1950","Fred Agabashian","62"
"1951","Fred Agabashian","35"
"1952","Fred Agabashian","48"
"1953","Fred Agabashian","12"
"1954","Fred Agabashian","12"
"1955","Fred Agabashian","67"
"1956","Fred Agabashian","30"
"1957","Fred Agabashian","51"
"1960","Fred Gamble","42"
"1953","Fred Wacker","32"
"1954","Fred Wacker","27"
"1959","Fritz d'Orey","34"
"1952","Fritz Riess","28"
"1987","Gabriele Tarquini","24"
"1988","Gabriele Tarquini","23"
"1989","Gabriele Tarquini","27"
"1990","Gabriele Tarquini","32"
"1991","Gabriele Tarquini","30"
"1992","Gabriele Tarquini","29"
"1995","Gabriele Tarquini","32"
"1961","Gaetano Starrabba","35"
"1963","Gaetano Starrabba","43"
"1990","Gary Brabham","36"
"1962","Gary Hocking","42"
"2000","GastÃ³n Mazzacane","21"
"2001","GastÃ³n Mazzacane","21"
"1974","GÃ©rard Larrousse","41"
"1952","GÃ¼nther Bechem","72"
"1953","GÃ¼nther Bechem","94"
"1962","GÃ¼nther Seiffert","43"
"1963","GÃ¼nther Seiffert","41"
"1951","Gene Force","26"
"1960","Gene Force","46"
"1950","Gene Hartley","34"
"1952","Gene Hartley","49"
"1953","Gene Hartley","22"
"1954","Gene Hartley","40"
"1956","Gene Hartley","29"
"1957","Gene Hartley","28"
"1959","Gene Hartley","17"
"1960","Gene Hartley","32"
"1950","Geoff Crossley","30"
"1961","Geoff Duke","44"
"1978","Geoff Lees","38"
"1979","Geoff Lees","22"
"1980","Geoff Lees","28"
"1982","Geoff Lees","30"
"1951","George Abecassis","17"
"1952","George Abecassis","17"
"1958","George Amick","7"
"1950","George Connor","23"
"1951","George Connor","52"
"1952","George Connor","17"
"1959","George Constantine","51"
"1969","George Eaton","24"
"1970","George Eaton","30"
"1971","George Eaton","32"
"1973","George Follmer","13"
"1952","George Fonder","24"
"1954","George Fonder","38"
"2019","George Russell","20"
"2020","George Russell","18"
"2021","George Russell","15"
"2022","George Russell","4"
"2023","George Russell","8"
"2024","George Russell","7"
"1953","Georges Berger","60"
"1954","Georges Berger","61"
"1951","Georges Grignard","54"
"1984","Gerhard Berger","22"
"1985","Gerhard Berger","20"
"1986","Gerhard Berger","7"
"1987","Gerhard Berger","5"
"1988","Gerhard Berger","3"
"1989","Gerhard Berger","7"
"1990","Gerhard Berger","4"
"1991","Gerhard Berger","4"
"1992","Gerhard Berger","5"
"1993","Gerhard Berger","8"
"1994","Gerhard Berger","3"
"1995","Gerhard Berger","6"
"1996","Gerhard Berger","6"
"1997","Gerhard Berger","5"
"1963","Gerhard Mitter","10"
"1964","Gerhard Mitter","21"
"1965","Gerhard Mitter","28"
"1956","Gerino Gerini","25"
"1958","Gerino Gerini","36"
"1961","Gerry Ashmore","33"
"1962","Gerry Ashmore","39"
"1964","Giacomo Russo","34"
"1965","Giacomo Russo","34"
"1966","Giacomo Russo","23"
"1961","Giancarlo Baghetti","7"
"1962","Giancarlo Baghetti","10"
"1963","Giancarlo Baghetti","31"
"1964","Giancarlo Baghetti","20"
"1965","Giancarlo Baghetti","37"
"1966","Giancarlo Baghetti","26"
"1967","Giancarlo Baghetti","32"
"1996","Giancarlo Fisichella","17"
"1997","Giancarlo Fisichella","8"
"1998","Giancarlo Fisichella","9"
"1999","Giancarlo Fisichella","9"
"2000","Giancarlo Fisichella","6"
"2001","Giancarlo Fisichella","11"
"2002","Giancarlo Fisichella","11"
"2003","Giancarlo Fisichella","12"
"2004","Giancarlo Fisichella","11"
"2005","Giancarlo Fisichella","5"
"2006","Giancarlo Fisichella","4"
"2007","Giancarlo Fisichella","8"
"2008","Giancarlo Fisichella","19"
"2009","Giancarlo Fisichella","15"
"1979","Gianfranco Brancatelli","28"
"2004","Gianmaria Bruni","25"
"1990","Gianni Morbidelli","33"
"1991","Gianni Morbidelli","24"
"1992","Gianni Morbidelli","22"
"1994","Gianni Morbidelli","22"
"1995","Gianni Morbidelli","14"
"1997","Gianni Morbidelli","23"
"2013","Giedo van der Garde","21"
"1971","Gijs van Lennep","20"
"1973","Gijs van Lennep","18"
"1974","Gijs van Lennep","28"
"1975","Gijs van Lennep","20"
"1977","Gilles Villeneuve","36"
"1978","Gilles Villeneuve","9"
"1979","Gilles Villeneuve","2"
"1980","Gilles Villeneuve","14"
"1981","Gilles Villeneuve","7"
"1982","Gilles Villeneuve","7"
"1952","Gino Bianco","67"
"1960","Gino Munaron","48"
"1965","Giorgio Bassi","40"
"1977","Giorgio Francia","55"
"1981","Giorgio Francia","37"
"2004","Giorgio Pantano","23"
"1956","Giorgio Scarlatti","56"
"1957","Giorgio Scarlatti","20"
"1958","Giorgio Scarlatti","19"
"1959","Giorgio Scarlatti","27"
"1960","Giorgio Scarlatti","78"
"1961","Giorgio Scarlatti","30"
"1954","Giovanni de Riu","79"
"1996","Giovanni Lavaggi","22"
"1958","Giulio Cabianca","46"
"1959","Giulio Cabianca","45"
"1960","Giulio Cabianca","20"
"1958","Graham Hill","25"
"1959","Graham Hill","24"
"1960","Graham Hill","15"
"1961","Graham Hill","16"
"1962","Graham Hill","1"
"1963","Graham Hill","2"
"1964","Graham Hill","2"
"1965","Graham Hill","2"
"1966","Graham Hill","5"
"1967","Graham Hill","7"
"1968","Graham Hill","1"
"1969","Graham Hill","5"
"1970","Graham Hill","13"
"1971","Graham Hill","21"
"1972","Graham Hill","15"
"1973","Graham Hill","26"
"1974","Graham Hill","18"
"1975","Graham Hill","21"
"1973","Graham McRae","38"
"1952","Graham Whitehead","43"
"1989","Gregor Foitek","41"
"1990","Gregor Foitek","19"
"2022","Guanyu Zhou","18"
"2023","Guanyu Zhou","18"
"2024","Guanyu Zhou","19"
"1976","Gunnar Nilsson","10"
"1977","Gunnar Nilsson","8"
"1970","Gus Hutchison","38"
"1974","Guy Edwards","20"
"1976","Guy Edwards","35"
"1977","Guy Edwards","47"
"1966","Guy Ligier","21"
"1967","Guy Ligier","21"
"1950","Guy Mairesse","58"
"1951","Guy Mairesse","28"
"1975","Guy Tunmer","20"
"1976","Hans Binder","41"
"1977","Hans Binder","28"
"1978","Hans Binder","41"
"1953","Hans Herrmann","36"
"1954","Hans Herrmann","7"
"1955","Hans Herrmann","13"
"1957","Hans Herrmann","54"
"1958","Hans Herrmann","37"
"1959","Hans Herrmann","43"
"1960","Hans Herrmann","26"
"1961","Hans Herrmann","20"
"1977","Hans Heyer","43"
"1952","Hans Klenk","43"
"1952","Hans von Stuck","80"
"1953","Hans von Stuck","60"
"1974","Hans-Joachim Stuck","16"
"1975","Hans-Joachim Stuck","25"
"1976","Hans-Joachim Stuck","13"
"1977","Hans-Joachim Stuck","11"
"1978","Hans-Joachim Stuck","18"
"1979","Hans-Joachim Stuck","19"
"1961","Hap Sharp","28"
"1962","Hap Sharp","29"
"1963","Hap Sharp","19"
"1964","Hap Sharp","28"
"1975","Harald Ertl","23"
"1976","Harald Ertl","21"
"1977","Harald Ertl","22"
"1978","Harald Ertl","31"
"1980","Harald Ertl","33"
"1959","Harry Blanchard","26"
"1950","Harry Schell","26"
"1951","Harry Schell","31"
"1952","Harry Schell","52"
"1953","Harry Schell","24"
"1954","Harry Schell","26"
"1955","Harry Schell","26"
"1956","Harry Schell","17"
"1957","Harry Schell","7"
"1958","Harry Schell","6"
"1959","Harry Schell","13"
"1960","Harry Schell","16"
"1977","Hector Rebaque","42"
"1978","Hector Rebaque","21"
"1979","Hector Rebaque","22"
"1980","Hector Rebaque","21"
"1981","Hector Rebaque","10"
"2007","Heikki Kovalainen","7"
"2008","Heikki Kovalainen","7"
"2009","Heikki Kovalainen","12"
"2010","Heikki Kovalainen","20"
"2011","Heikki Kovalainen","22"
"2012","Heikki Kovalainen","22"
"2013","Heikki Kovalainen","22"
"1962","Heini Walter","25"
"1962","Heinz Schiller","41"
"1994","Heinz-Harald Frentzen","13"
"1995","Heinz-Harald Frentzen","9"
"1996","Heinz-Harald Frentzen","12"
"1997","Heinz-Harald Frentzen","2"
"1998","Heinz-Harald Frentzen","7"
"1999","Heinz-Harald Frentzen","3"
"2000","Heinz-Harald Frentzen","9"
"2001","Heinz-Harald Frentzen","13"
"2002","Heinz-Harald Frentzen","17"
"2003","Heinz-Harald Frentzen","11"
"1971","Helmut Marko","29"
"1972","Helmut Marko","22"
"1952","Helmut Niedermayr","38"
"1974","Helmuth Koinigg","33"
"1950","Henri Louveau","65"
"1951","Henri Louveau","16"
"1968","Henri Pescarolo","25"
"1970","Henri Pescarolo","12"
"1971","Henri Pescarolo","17"
"1972","Henri Pescarolo","27"
"1973","Henri Pescarolo","24"
"1974","Henri Pescarolo","27"
"1976","Henri Pescarolo","25"
"1950","Henry Banks","67"
"1951","Henry Banks","13"
"1952","Henry Banks","27"
"1959","Henry Taylor","33"
"1960","Henry Taylor","19"
"1961","Henry Taylor","24"
"1957","Herbert MacKay-Fraser","44"
"1953","Hermann Lang","16"
"1954","Hermann Lang","61"
"1955","Hernando da Silva Ramos","34"
"1956","Hernando da Silva Ramos","21"
"1994","Hideki Noda","44"
"1975","Hiroshi Fushida","44"
"1954","Horace Gould","49"
"1955","Horace Gould","51"
"1956","Horace Gould","21"
"1957","Horace Gould","35"
"1958","Horace Gould","14"
"1960","Horace Gould","83"
"1971","Howden Ganley","15"
"1972","Howden Ganley","13"
"1973","Howden Ganley","19"
"1974","Howden Ganley","22"
"1967","Hubert Hahne","33"
"1968","Hubert Hahne","25"
"1970","Hubert Hahne","37"
"1984","Huub Rothengatter","28"
"1985","Huub Rothengatter","22"
"1986","Huub Rothengatter","23"
"1974","Ian Ashley","39"
"1975","Ian Ashley","46"
"1976","Ian Ashley","22"
"1977","Ian Ashley","40"
"1958","Ian Burgess","25"
"1959","Ian Burgess","22"
"1960","Ian Burgess","43"
"1961","Ian Burgess","26"
"1962","Ian Burgess","23"
"1963","Ian Burgess","32"
"1963","Ian Raby","33"
"1964","Ian Raby","31"
"1965","Ian Raby","21"
"1974","Ian Scheckter","31"
"1975","Ian Scheckter","29"
"1976","Ian Scheckter","29"
"1977","Ian Scheckter","32"
"1953","Ian Stewart","76"
"1970","Ignazio Giunti","15"
"1976","Ingo Hoffmann","28"
"1977","Ingo Hoffmann","11"
"1959","Innes Ireland","14"
"1960","Innes Ireland","4"
"1961","Innes Ireland","6"
"1962","Innes Ireland","16"
"1963","Innes Ireland","9"
"1964","Innes Ireland","14"
"1965","Innes Ireland","21"
"1966","Innes Ireland","27"
"1985","Ivan Capelli","18"
"1986","Ivan Capelli","31"
"1987","Ivan Capelli","19"
"1988","Ivan Capelli","7"
"1989","Ivan Capelli","30"
"1990","Ivan Capelli","10"
"1991","Ivan Capelli","19"
"1992","Ivan Capelli","13"
"1957","Ivor Bueb","29"
"1958","Ivor Bueb","39"
"1959","Ivor Bueb","36"
"1976","Jac Nelleman","36"
"2020","Jack Aitken","22"
"1955","Jack Brabham","49"
"1956","Jack Brabham","71"
"1957","Jack Brabham","21"
"1958","Jack Brabham","18"
"1959","Jack Brabham","1"
"1960","Jack Brabham","1"
"1961","Jack Brabham","11"
"1962","Jack Brabham","9"
"1963","Jack Brabham","7"
"1964","Jack Brabham","8"
"1965","Jack Brabham","10"
"1966","Jack Brabham","1"
"1967","Jack Brabham","2"
"1968","Jack Brabham","23"
"1969","Jack Brabham","10"
"1970","Jack Brabham","6"
"1953","Jack Fairman","79"
"1955","Jack Fairman","73"
"1956","Jack Fairman","10"
"1957","Jack Fairman","47"
"1958","Jack Fairman","33"
"1959","Jack Fairman","50"
"1960","Jack Fairman","76"
"1961","Jack Fairman","43"
"1950","Jack McGrath","32"
"1951","Jack McGrath","8"
"1952","Jack McGrath","20"
"1953","Jack McGrath","10"
"1954","Jack McGrath","6"
"1955","Jack McGrath","61"
"1956","Jack Turner","54"
"1957","Jack Turner","29"
"1958","Jack Turner","56"
"1959","Jack Turner","51"
"1950","Jackie Holmes","41"
"1953","Jackie Holmes","46"
"1961","Jackie Lewis","11"
"1962","Jackie Lewis","19"
"1967","Jackie Oliver","21"
"1968","Jackie Oliver","15"
"1969","Jackie Oliver","17"
"1970","Jackie Oliver","20"
"1971","Jackie Oliver","22"
"1972","Jackie Oliver","33"
"1973","Jackie Oliver","14"
"1977","Jackie Oliver","24"
"1965","Jackie Pretorius","27"
"1968","Jackie Pretorius","10"
"1971","Jackie Pretorius","22"
"1973","Jackie Pretorius","25"
"1965","Jackie Stewart","3"
"1966","Jackie Stewart","7"
"1967","Jackie Stewart","9"
"1968","Jackie Stewart","2"
"1969","Jackie Stewart","1"
"1970","Jackie Stewart","5"
"1971","Jackie Stewart","1"
"1972","Jackie Stewart","2"
"1973","Jackie Stewart","1"
"1967","Jacky Ickx","19"
"1968","Jacky Ickx","4"
"1969","Jacky Ickx","2"
"1970","Jacky Ickx","2"
"1971","Jacky Ickx","4"
"1972","Jacky Ickx","4"
"1973","Jacky Ickx","9"
"1974","Jacky Ickx","10"
"1975","Jacky Ickx","11"
"1976","Jacky Ickx","22"
"1977","Jacky Ickx","25"
"1978","Jacky Ickx","28"
"1979","Jacky Ickx","17"
"1974","Jacques Laffite","43"
"1975","Jacques Laffite","12"
"1976","Jacques Laffite","8"
"1977","Jacques Laffite","10"
"1978","Jacques Laffite","8"
"1979","Jacques Laffite","4"
"1980","Jacques Laffite","4"
"1981","Jacques Laffite","4"
"1982","Jacques Laffite","18"
"1983","Jacques Laffite","11"
"1984","Jacques Laffite","14"
"1985","Jacques Laffite","9"
"1986","Jacques Laffite","6"
"1954","Jacques Pollet","71"
"1955","Jacques Pollet","30"
"1951","Jacques Swaters","38"
"1953","Jacques Swaters","28"
"1954","Jacques Swaters","37"
"1996","Jacques Villeneuve","2"
"1997","Jacques Villeneuve","1"
"1998","Jacques Villeneuve","5"
"1999","Jacques Villeneuve","21"
"2000","Jacques Villeneuve","7"
"2001","Jacques Villeneuve","7"
"2002","Jacques Villeneuve","12"
"2003","Jacques Villeneuve","16"
"2004","Jacques Villeneuve","21"
"2005","Jacques Villeneuve","14"
"2006","Jacques Villeneuve","13"
"1981","Jacques Villeneuve Sr.","37"
"1983","Jacques Villeneuve Sr.","31"
"2009","Jaime Alguersuari","24"
"2010","Jaime Alguersuari","19"
"2011","Jaime Alguersuari","14"
"1973","James Hunt","8"
"1974","James Hunt","8"
"1975","James Hunt","4"
"1976","James Hunt","1"
"1977","James Hunt","5"
"1978","James Hunt","13"
"1979","James Hunt","19"
"1952","Jan Flinterman","39"
"1979","Jan Lammers","28"
"1980","Jan Lammers","26"
"1981","Jan Lammers","24"
"1982","Jan Lammers","35"
"1992","Jan Lammers","31"
"1995","Jan Magnussen","27"
"1997","Jan Magnussen","20"
"1998","Jan Magnussen","14"
"1997","Jarno Trulli","16"
"1998","Jarno Trulli","16"
"1999","Jarno Trulli","11"
"2000","Jarno Trulli","10"
"2001","Jarno Trulli","9"
"2002","Jarno Trulli","8"
"2003","Jarno Trulli","8"
"2004","Jarno Trulli","6"
"2005","Jarno Trulli","7"
"2006","Jarno Trulli","12"
"2007","Jarno Trulli","13"
"2008","Jarno Trulli","9"
"2009","Jarno Trulli","8"
"2010","Jarno Trulli","21"
"2011","Jarno Trulli","21"
"1962","Jay Chamberlain","27"
"2011","JÃ©rÃ´me d'Ambrosio","24"
"2012","JÃ©rÃ´me d'Ambrosio","21"
"1989","Jean Alesi","9"
"1990","Jean Alesi","9"
"1991","Jean Alesi","7"
"1992","Jean Alesi","7"
"1993","Jean Alesi","6"
"1994","Jean Alesi","5"
"1995","Jean Alesi","5"
"1996","Jean Alesi","4"
"1997","Jean Alesi","4"
"1998","Jean Alesi","11"
"1999","Jean Alesi","15"
"2000","Jean Alesi","22"
"2001","Jean Alesi","15"
"1952","Jean Behra","11"
"1953","Jean Behra","21"
"1954","Jean Behra","28"
"1955","Jean Behra","9"
"1956","Jean Behra","4"
"1957","Jean Behra","11"
"1958","Jean Behra","12"
"1959","Jean Behra","14"
"1955","Jean Lucas","65"
"1959","Jean Lucienbonnet","23"
"2012","Jean-Ã‰ric Vergne","17"
"2013","Jean-Ã‰ric Vergne","15"
"2014","Jean-Ã‰ric Vergne","13"
"1995","Jean-Christophe Boullion","14"
"1994","Jean-Denis DÃ©lÃ©traz","41"
"1995","Jean-Denis DÃ©lÃ©traz","33"
"1983","Jean-Louis Schlesser","30"
"1988","Jean-Louis Schlesser","29"
"1994","Jean-Marc Gounon","28"
"1967","Jean-Pierre Beltoise","23"
"1968","Jean-Pierre Beltoise","9"
"1969","Jean-Pierre Beltoise","5"
"1970","Jean-Pierre Beltoise","9"
"1971","Jean-Pierre Beltoise","22"
"1972","Jean-Pierre Beltoise","11"
"1973","Jean-Pierre Beltoise","10"
"1974","Jean-Pierre Beltoise","13"
"1974","Jean-Pierre Jabouille","51"
"1975","Jean-Pierre Jabouille","30"
"1977","Jean-Pierre Jabouille","43"
"1978","Jean-Pierre Jabouille","17"
"1979","Jean-Pierre Jabouille","13"
"1980","Jean-Pierre Jabouille","8"
"1981","Jean-Pierre Jabouille","31"
"1971","Jean-Pierre Jarier","31"
"1973","Jean-Pierre Jarier","31"
"1974","Jean-Pierre Jarier","14"
"1975","Jean-Pierre Jarier","18"
"1976","Jean-Pierre Jarier","22"
"1977","Jean-Pierre Jarier","19"
"1978","Jean-Pierre Jarier","25"
"1979","Jean-Pierre Jarier","11"
"1980","Jean-Pierre Jarier","13"
"1981","Jean-Pierre Jarier","22"
"1982","Jean-Pierre Jarier","20"
"1983","Jean-Pierre Jarier","22"
"2000","Jenson Button","8"
"2001","Jenson Button","17"
"2002","Jenson Button","7"
"2003","Jenson Button","9"
"2004","Jenson Button","3"
"2005","Jenson Button","9"
"2006","Jenson Button","6"
"2007","Jenson Button","15"
"2008","Jenson Button","18"
"2009","Jenson Button","1"
"2010","Jenson Button","5"
"2011","Jenson Button","2"
"2012","Jenson Button","5"
"2013","Jenson Button","9"
"2014","Jenson Button","8"
"2015","Jenson Button","16"
"2016","Jenson Button","15"
"2017","Jenson Button","22"
"1950","Jerry Hoyt","39"
"1953","Jerry Hoyt","51"
"1954","Jerry Hoyt","16"
"1955","Jerry Hoyt","66"
"1958","Jerry Unser","65"
"1955","JesÃºs Iglesias","16"
"1960","Jim Clark","10"
"1961","Jim Clark","7"
"1962","Jim Clark","2"
"1963","Jim Clark","1"
"1964","Jim Clark","3"
"1965","Jim Clark","1"
"1966","Jim Clark","6"
"1967","Jim Clark","3"
"1968","Jim Clark","1"
"1975","Jim Crawford","35"
"1960","Jim Hall","30"
"1961","Jim Hall","38"
"1962","Jim Hall","39"
"1963","Jim Hall","13"
"1960","Jim Hurtubise","36"
"1959","Jim McWithey","22"
"1960","Jim McWithey","47"
"1950","Jim Rathmann","42"
"1952","Jim Rathmann","4"
"1953","Jim Rathmann","15"
"1954","Jim Rathmann","48"
"1955","Jim Rathmann","37"
"1956","Jim Rathmann","48"
"1957","Jim Rathmann","3"
"1958","Jim Rathmann","15"
"1959","Jim Rathmann","4"
"1960","Jim Rathmann","3"
"1952","Jim Rigsby","21"
"1952","Jimmy Bryan","12"
"1953","Jimmy Bryan","30"
"1954","Jimmy Bryan","3"
"1955","Jimmy Bryan","60"
"1956","Jimmy Bryan","37"
"1957","Jimmy Bryan","7"
"1958","Jimmy Bryan","4"
"1959","Jimmy Bryan","57"
"1960","Jimmy Bryan","37"
"1950","Jimmy Davies","35"
"1951","Jimmy Davies","32"
"1953","Jimmy Davies","25"
"1954","Jimmy Davies","22"
"1955","Jimmy Davies","6"
"1953","Jimmy Daywalt","14"
"1954","Jimmy Daywalt","52"
"1955","Jimmy Daywalt","32"
"1956","Jimmy Daywalt","53"
"1957","Jimmy Daywalt","57"
"1959","Jimmy Daywalt","20"
"1950","Jimmy Jackson","63"
"1954","Jimmy Jackson","33"
"1952","Jimmy Reece","15"
"1954","Jimmy Reece","35"
"1955","Jimmy Reece","68"
"1956","Jimmy Reece","27"
"1957","Jimmy Reece","45"
"1958","Jimmy Reece","17"
"1953","Jimmy Stewart","57"
"1956","Jo Bonnier","65"
"1957","Jo Bonnier","27"
"1958","Jo Bonnier","20"
"1959","Jo Bonnier","7"
"1960","Jo Bonnier","18"
"1961","Jo Bonnier","15"
"1962","Jo Bonnier","15"
"1963","Jo Bonnier","11"
"1964","Jo Bonnier","15"
"1965","Jo Bonnier","17"
"1966","Jo Bonnier","18"
"1967","Jo Bonnier","15"
"1968","Jo Bonnier","22"
"1969","Jo Bonnier","21"
"1970","Jo Bonnier","36"
"1971","Jo Bonnier","26"
"1984","Jo Gartner","21"
"1967","Jo Schlesser","37"
"1968","Jo Schlesser","29"
"1962","Jo Siffert","22"
"1963","Jo Siffert","15"
"1964","Jo Siffert","10"
"1965","Jo Siffert","12"
"1966","Jo Siffert","15"
"1967","Jo Siffert","12"
"1968","Jo Siffert","7"
"1969","Jo Siffert","9"
"1970","Jo Siffert","26"
"1971","Jo Siffert","5"
"1975","Jo Vonlanthen","47"
"1989","Joachim Winkelhock","42"
"1973","Jochen Mass","24"
"1974","Jochen Mass","23"
"1975","Jochen Mass","8"
"1976","Jochen Mass","9"
"1977","Jochen Mass","6"
"1978","Jochen Mass","22"
"1979","Jochen Mass","18"
"1980","Jochen Mass","17"
"1982","Jochen Mass","25"
"1964","Jochen Rindt","26"
"1965","Jochen Rindt","13"
"1966","Jochen Rindt","3"
"1967","Jochen Rindt","13"
"1968","Jochen Rindt","12"
"1969","Jochen Rindt","4"
"1970","Jochen Rindt","1"
"1972","Jody Scheckter","29"
"1973","Jody Scheckter","29"
"1974","Jody Scheckter","3"
"1975","Jody Scheckter","7"
"1976","Jody Scheckter","3"
"1977","Jody Scheckter","2"
"1978","Jody Scheckter","7"
"1979","Jody Scheckter","1"
"1980","Jody Scheckter","19"
"1950","Joe Fry","10"
"1951","Joe James","55"
"1952","Joe James","22"
"1950","Joe Kelly","14"
"1951","Joe Kelly","46"
"1953","John Barber","9"
"1961","John Campbell-Jones","45"
"1962","John Campbell-Jones","22"
"1963","John Campbell-Jones","23"
"1971","John Cannon","33"
"1969","John Cordts","28"
"1953","John Fitch","104"
"1955","John Fitch","40"
"1951","John James","57"
"1962","John Love","22"
"1963","John Love","24"
"1964","John Love","36"
"1965","John Love","19"
"1967","John Love","2"
"1968","John Love","9"
"1969","John Love","16"
"1970","John Love","8"
"1971","John Love","21"
"1972","John Love","20"
"1969","John Miles","21"
"1970","John Miles","17"
"1974","John Nicholson","50"
"1975","John Nicholson","35"
"1965","John Rhodes","30"
"1954","John Riseley-Prichard","75"
"1960","John Surtees","12"
"1961","John Surtees","12"
"1962","John Surtees","4"
"1963","John Surtees","4"
"1964","John Surtees","1"
"1965","John Surtees","4"
"1966","John Surtees","2"
"1967","John Surtees","4"
"1968","John Surtees","8"
"1969","John Surtees","11"
"1970","John Surtees","18"
"1971","John Surtees","19"
"1972","John Surtees","32"
"1964","John Taylor","21"
"1966","John Taylor","14"
"1973","John Watson","36"
"1974","John Watson","15"
"1975","John Watson","23"
"1976","John Watson","7"
"1977","John Watson","13"
"1978","John Watson","6"
"1979","John Watson","9"
"1980","John Watson","11"
"1981","John Watson","6"
"1982","John Watson","3"
"1983","John Watson","6"
"1985","John Watson","20"
"1950","Johnnie Parsons","3"
"1951","Johnnie Parsons","43"
"1952","Johnnie Parsons","19"
"1953","Johnnie Parsons","52"
"1954","Johnnie Parsons","25"
"1955","Johnnie Parsons","56"
"1956","Johnnie Parsons","10"
"1957","Johnnie Parsons","34"
"1958","Johnnie Parsons","28"
"1956","Johnnie Tolan","49"
"1957","Johnnie Tolan","48"
"1958","Johnnie Tolan","29"
"1955","Johnny Boyd","64"
"1956","Johnny Boyd","59"
"1957","Johnny Boyd","19"
"1958","Johnny Boyd","10"
"1959","Johnny Boyd","11"
"1960","Johnny Boyd","45"
"1983","Johnny Cecotto","19"
"1984","Johnny Cecotto","24"
"1950","Johnny Claes","28"
"1951","Johnny Claes","26"
"1952","Johnny Claes","37"
"1953","Johnny Claes","53"
"1955","Johnny Claes","37"
"1986","Johnny Dumfries","13"
"1989","Johnny Herbert","14"
"1990","Johnny Herbert","35"
"1991","Johnny Herbert","27"
"1992","Johnny Herbert","15"
"1993","Johnny Herbert","9"
"1994","Johnny Herbert","26"
"1995","Johnny Herbert","4"
"1996","Johnny Herbert","14"
"1997","Johnny Herbert","10"
"1998","Johnny Herbert","15"
"1999","Johnny Herbert","8"
"2000","Johnny Herbert","17"
"1953","Johnny Mantz","36"
"1950","Johnny McDowell","36"
"1951","Johnny McDowell","54"
"1952","Johnny McDowell","29"
"1967","Johnny Servoz-Gavin","22"
"1968","Johnny Servoz-Gavin","14"
"1969","Johnny Servoz-Gavin","18"
"1970","Johnny Servoz-Gavin","10"
"1953","Johnny Thomson","45"
"1954","Johnny Thomson","53"
"1955","Johnny Thomson","9"
"1956","Johnny Thomson","61"
"1957","Johnny Thomson","30"
"1958","Johnny Thomson","52"
"1959","Johnny Thomson","5"
"1960","Johnny Thomson","13"
"1950","Joie Chitwood","16"
"2016","Jolyon Palmer","18"
"2017","Jolyon Palmer","17"
"1983","Jonathan Palmer","30"
"1984","Jonathan Palmer","27"
"1985","Jonathan Palmer","26"
"1986","Jonathan Palmer","22"
"1987","Jonathan Palmer","11"
"1988","Jonathan Palmer","14"
"1989","Jonathan Palmer","25"
"1967","Jonathan Williams","26"
"1954","Jorge Daponte","40"
"1994","Jos Verstappen","9"
"1995","Jos Verstappen","24"
"1996","Jos Verstappen","16"
"1997","Jos Verstappen","21"
"1998","Jos Verstappen","23"
"2000","Jos Verstappen","12"
"2001","Jos Verstappen","18"
"2003","Jos Verstappen","22"
"1974","JosÃ© Dolhem","49"
"1950","JosÃ© FroilÃ¡n GonzÃ¡lez","55"
"1951","JosÃ© FroilÃ¡n GonzÃ¡lez","3"
"1952","JosÃ© FroilÃ¡n GonzÃ¡lez","9"
"1953","JosÃ© FroilÃ¡n GonzÃ¡lez","3"
"1954","JosÃ© FroilÃ¡n GonzÃ¡lez","2"
"1955","JosÃ© FroilÃ¡n GonzÃ¡lez","4"
"1956","JosÃ© FroilÃ¡n GonzÃ¡lez","50"
"1957","JosÃ© FroilÃ¡n GonzÃ¡lez","6"
"1960","JosÃ© FroilÃ¡n GonzÃ¡lez","11"
"1952","Josef Peters","92"
"1950","Juan Fangio","2"
"1951","Juan Fangio","1"
"1953","Juan Fangio","2"
"1954","Juan Fangio","1"
"1955","Juan Fangio","1"
"1956","Juan Fangio","1"
"1957","Juan Fangio","1"
"1958","Juan Fangio","8"
"1951","Juan Jover","65"
"1961","Juan Manuel Bordeu","34"
"2001","Juan Pablo Montoya","6"
"2002","Juan Pablo Montoya","3"
"2003","Juan Pablo Montoya","3"
"2004","Juan Pablo Montoya","5"
"2005","Juan Pablo Montoya","4"
"2006","Juan Pablo Montoya","6"
"1958","Jud Larson","21"
"1959","Jud Larson","53"
"2013","Jules Bianchi","19"
"2014","Jules Bianchi","16"
"1988","Julian Bailey","26"
"1991","Julian Bailey","16"
"2003","Justin Wilson","20"
"1989","Jyrki JÃ¤rvilehto","36"
"1990","Jyrki JÃ¤rvilehto","26"
"1991","Jyrki JÃ¤rvilehto","12"
"1992","Jyrki JÃ¤rvilehto","21"
"1993","Jyrki JÃ¤rvilehto","13"
"1994","Jyrki JÃ¤rvilehto","24"
"2009","Kamui Kobayashi","18"
"2010","Kamui Kobayashi","12"
"2011","Kamui Kobayashi","12"
"2012","Kamui Kobayashi","12"
"2014","Kamui Kobayashi","22"
"1954","Karl Kling","5"
"1955","Karl Kling","11"
"1991","Karl Wendlinger","36"
"1992","Karl Wendlinger","12"
"1993","Karl Wendlinger","12"
"1994","Karl Wendlinger","9"
"1995","Karl Wendlinger","28"
"2010","Karun Chandhok","20"
"2011","Karun Chandhok","27"
"2007","Kazuki Nakajima","22"
"2008","Kazuki Nakajima","15"
"2009","Kazuki Nakajima","20"
"1976","Kazuyoshi Hoshino","43"
"1977","Kazuyoshi Hoshino","37"
"1955","Keith Andrews","53"
"1956","Keith Andrews","55"
"1959","Keith Greene","68"
"1960","Keith Greene","77"
"1961","Keith Greene","29"
"1962","Keith Greene","33"
"1978","Keke Rosberg","29"
"1979","Keke Rosberg","29"
"1980","Keke Rosberg","10"
"1981","Keke Rosberg","26"
"1982","Keke Rosberg","1"
"1983","Keke Rosberg","5"
"1984","Keke Rosberg","8"
"1985","Keke Rosberg","3"
"1986","Keke Rosberg","6"
"1952","Ken Downing","38"
"1958","Ken Kavanagh","22"
"1961","Ken Miles","47"
"1951","Ken Richardson","69"
"1952","Ken Wharton","13"
"1953","Ken Wharton","26"
"1954","Ken Wharton","27"
"1955","Ken Wharton","38"
"1952","Kenneth McAlpine","64"
"1953","Kenneth McAlpine","57"
"1955","Kenneth McAlpine","51"
"1983","Kenny Acheson","30"
"1985","Kenny Acheson","30"
"1980","Kevin Cogan","41"
"1981","Kevin Cogan","25"
"2014","Kevin Magnussen","11"
"2015","Kevin Magnussen","17"
"2016","Kevin Magnussen","16"
"2017","Kevin Magnussen","14"
"2018","Kevin Magnussen","9"
"2019","Kevin Magnussen","16"
"2020","Kevin Magnussen","20"
"2022","Kevin Magnussen","13"
"2023","Kevin Magnussen","19"
"2024","Kevin Magnussen","16"
"2001","Kimi RÃ¤ikkÃ¶nen","10"
"2002","Kimi RÃ¤ikkÃ¶nen","6"
"2003","Kimi RÃ¤ikkÃ¶nen","2"
"2004","Kimi RÃ¤ikkÃ¶nen","7"
"2005","Kimi RÃ¤ikkÃ¶nen","2"
"2006","Kimi RÃ¤ikkÃ¶nen","5"
"2007","Kimi RÃ¤ikkÃ¶nen","1"
"2008","Kimi RÃ¤ikkÃ¶nen","3"
"2009","Kimi RÃ¤ikkÃ¶nen","6"
"2012","Kimi RÃ¤ikkÃ¶nen","3"
"2013","Kimi RÃ¤ikkÃ¶nen","3"
"2014","Kimi RÃ¤ikkÃ¶nen","12"
"2015","Kimi RÃ¤ikkÃ¶nen","4"
"2016","Kimi RÃ¤ikkÃ¶nen","6"
"2017","Kimi RÃ¤ikkÃ¶nen","4"
"2018","Kimi RÃ¤ikkÃ¶nen","3"
"2019","Kimi RÃ¤ikkÃ¶nen","12"
"2020","Kimi RÃ¤ikkÃ¶nen","16"
"2021","Kimi RÃ¤ikkÃ¶nen","16"
"1977","Kunimitsu Takahashi","32"
"1953","Kurt Adolff","93"
"1967","Kurt Ahrens","36"
"1968","Kurt Ahrens","26"
"1962","Kurt Kuhnke","47"
"1963","Kurt Kuhnke","37"
"1977","Lamberto Leoni","45"
"1978","Lamberto Leoni","28"
"1952","Lance Macklin","34"
"1953","Lance Macklin","75"
"1954","Lance Macklin","59"
"1955","Lance Macklin","34"
"1960","Lance Reventlow","71"
"2017","Lance Stroll","12"
"2018","Lance Stroll","18"
"2019","Lance Stroll","15"
"2020","Lance Stroll","11"
"2021","Lance Stroll","13"
"2022","Lance Stroll","15"
"2023","Lance Stroll","10"
"2024","Lance Stroll","10"
"2019","Lando Norris","11"
"2020","Lando Norris","9"
"2021","Lando Norris","6"
"2022","Lando Norris","7"
"2023","Lando Norris","6"
"2024","Lando Norris","2"
"1954","Larry Crockett","19"
"1974","Larry Perkins","52"
"1976","Larry Perkins","24"
"1977","Larry Perkins","31"
"1950","Lee Wallard","18"
"1951","Lee Wallard","2"
"1974","Lella Lombardi","49"
"1975","Lella Lombardi","21"
"1976","Lella Lombardi","33"
"1954","Len Duncan","57"
"1958","Len Sutton","66"
"1959","Len Sutton","56"
"1960","Len Sutton","48"
"1974","Leo Kinnunen","45"
"1956","Les Leston","71"
"1957","Les Leston","48"
"1950","Leslie Johnson","23"
"1954","Leslie Marr","44"
"1955","Leslie Marr","67"
"1954","Leslie Thorne","46"
"2007","Lewis Hamilton","2"
"2008","Lewis Hamilton","1"
"2009","Lewis Hamilton","5"
"2010","Lewis Hamilton","4"
"2011","Lewis Hamilton","5"
"2012","Lewis Hamilton","4"
"2013","Lewis Hamilton","4"
"2014","Lewis Hamilton","1"
"2015","Lewis Hamilton","1"
"2016","Lewis Hamilton","2"
"2017","Lewis Hamilton","1"
"2018","Lewis Hamilton","1"
"2019","Lewis Hamilton","1"
"2020","Lewis Hamilton","1"
"2021","Lewis Hamilton","2"
"2022","Lewis Hamilton","6"
"2023","Lewis Hamilton","3"
"2024","Lewis Hamilton","8"
"2023","Liam Lawson","19"
"1960","Lloyd Ruby","19"
"1961","Lloyd Ruby","39"
"2023","Logan Sargeant","21"
"2024","Logan Sargeant","20"
"1961","Lorenzo Bandini","20"
"1962","Lorenzo Bandini","11"
"1963","Lorenzo Bandini","10"
"1964","Lorenzo Bandini","4"
"1965","Lorenzo Bandini","6"
"1966","Lorenzo Bandini","9"
"1967","Lorenzo Bandini","11"
"1976","Loris Kessel","34"
"1977","Loris Kessel","53"
"1950","Louis Chiron","10"
"1951","Louis Chiron","20"
"1953","Louis Chiron","46"
"1955","Louis Chiron","15"
"1956","Louis Chiron","27"
"1958","Louis Chiron","32"
"1950","Louis Rosier","4"
"1951","Louis Rosier","13"
"1952","Louis Rosier","48"
"1953","Louis Rosier","25"
"1954","Louis Rosier","33"
"1955","Louis Rosier","34"
"1956","Louis Rosier","18"
"1993","Luca Badoer","22"
"1995","Luca Badoer","23"
"1996","Luca Badoer","21"
"1999","Luca Badoer","23"
"2009","Luca Badoer","21"
"2010","Lucas di Grassi","24"
"2000","Luciano Burti","23"
"2001","Luciano Burti","20"
"1959","Lucien Bianchi","20"
"1960","Lucien Bianchi","22"
"1961","Lucien Bianchi","32"
"1962","Lucien Bianchi","20"
"1963","Lucien Bianchi","15"
"1965","Lucien Bianchi","20"
"1968","Lucien Bianchi","17"
"1963","Ludovico Scarfiotti","14"
"1964","Ludovico Scarfiotti","23"
"1965","Ludovico Scarfiotti","39"
"1966","Ludovico Scarfiotti","9"
"1967","Ludovico Scarfiotti","19"
"1968","Ludovico Scarfiotti","5"
"1950","Luigi Fagioli","3"
"1951","Luigi Fagioli","8"
"1953","Luigi Musso","32"
"1954","Luigi Musso","9"
"1955","Luigi Musso","10"
"1956","Luigi Musso","11"
"1957","Luigi Musso","3"
"1958","Luigi Musso","3"
"1955","Luigi Piotti","74"
"1956","Luigi Piotti","29"
"1957","Luigi Piotti","36"
"1958","Luigi Piotti","29"
"1958","Luigi Taramazzo","31"
"1950","Luigi Villoresi","19"
"1951","Luigi Villoresi","5"
"1952","Luigi Villoresi","8"
"1953","Luigi Villoresi","5"
"1954","Luigi Villoresi","20"
"1955","Luigi Villoresi","20"
"1956","Luigi Villoresi","20"
"1988","Luis PÃ©rez-Sala","22"
"1989","Luis PÃ©rez-Sala","28"
"1973","Luiz Bueno","15"
"1967","Luki Botha","8"
"1950","Mack Hellings","31"
"1951","Mack Hellings","53"
"1980","Manfred Winkelhock","36"
"1982","Manfred Winkelhock","24"
"1983","Manfred Winkelhock","26"
"1984","Manfred Winkelhock","26"
"1985","Manfred Winkelhock","26"
"1951","Manny Ayulo","11"
"1952","Manny Ayulo","28"
"1953","Manny Ayulo","29"
"1954","Manny Ayulo","29"
"1999","Marc GenÃ©","17"
"2000","Marc GenÃ©","19"
"2003","Marc GenÃ©","16"
"2004","Marc GenÃ©","20"
"1979","Marc Surer","33"
"1980","Marc Surer","22"
"1981","Marc Surer","16"
"1982","Marc Surer","21"
"1983","Marc Surer","15"
"1984","Marc Surer","20"
"1985","Marc Surer","13"
"1986","Marc Surer","18"
"1952","Marcel Balsa","71"
"2014","Marcus Ericsson","18"
"2015","Marcus Ericsson","18"
"2016","Marcus Ericsson","22"
"2017","Marcus Ericsson","20"
"2018","Marcus Ericsson","17"
"1958","Maria de Filippis","38"
"1959","Maria de Filippis","21"
"1968","Mario Andretti","36"
"1969","Mario Andretti","26"
"1970","Mario Andretti","14"
"1971","Mario Andretti","7"
"1972","Mario Andretti","12"
"1974","Mario Andretti","25"
"1975","Mario Andretti","14"
"1976","Mario Andretti","6"
"1977","Mario Andretti","3"
"1978","Mario Andretti","1"
"1979","Mario Andretti","12"
"1980","Mario Andretti","20"
"1981","Mario Andretti","17"
"1982","Mario Andretti","19"
"1991","Mark Blundell","19"
"1993","Mark Blundell","10"
"1994","Mark Blundell","12"
"1995","Mark Blundell","10"
"1971","Mark Donohue","15"
"1974","Mark Donohue","36"
"1975","Mark Donohue","15"
"2002","Mark Webber","16"
"2003","Mark Webber","10"
"2004","Mark Webber","13"
"2005","Mark Webber","10"
"2006","Mark Webber","14"
"2007","Mark Webber","12"
"2008","Mark Webber","11"
"2009","Mark Webber","4"
"2010","Mark Webber","3"
"2011","Mark Webber","3"
"2012","Mark Webber","6"
"2013","Mark Webber","3"
"1953","Marshall Teague","44"
"1954","Marshall Teague","31"
"1957","Marshall Teague","23"
"1984","Martin Brundle","27"
"1985","Martin Brundle","21"
"1986","Martin Brundle","11"
"1987","Martin Brundle","18"
"1988","Martin Brundle","19"
"1989","Martin Brundle","20"
"1991","Martin Brundle","17"
"1992","Martin Brundle","6"
"1993","Martin Brundle","7"
"1994","Martin Brundle","7"
"1995","Martin Brundle","13"
"1996","Martin Brundle","11"
"1989","Martin Donnelly","30"
"1990","Martin Donnelly","18"
"1976","Masahiro Hasemi","34"
"1995","Massimiliano Papis","20"
"1961","Massimo Natili","47"
"1957","Masten Gregory","6"
"1958","Masten Gregory","22"
"1959","Masten Gregory","7"
"1960","Masten Gregory","30"
"1961","Masten Gregory","25"
"1962","Masten Gregory","17"
"1963","Masten Gregory","26"
"1965","Masten Gregory","17"
"1988","MaurÃ­cio Gugelmin","13"
"1989","MaurÃ­cio Gugelmin","16"
"1990","MaurÃ­cio Gugelmin","18"
"1991","MaurÃ­cio Gugelmin","25"
"1992","MaurÃ­cio Gugelmin","23"
"1950","Mauri Rose","9"
"1951","Mauri Rose","29"
"1950","Maurice Trintignant","63"
"1951","Maurice Trintignant","45"
"1952","Maurice Trintignant","17"
"1953","Maurice Trintignant","12"
"1954","Maurice Trintignant","4"
"1955","Maurice Trintignant","4"
"1956","Maurice Trintignant","54"
"1957","Maurice Trintignant","10"
"1958","Maurice Trintignant","7"
"1959","Maurice Trintignant","5"
"1960","Maurice Trintignant","28"
"1961","Maurice Trintignant","18"
"1962","Maurice Trintignant","18"
"1963","Maurice Trintignant","19"
"1964","Maurice Trintignant","16"
"1982","Mauro Baldi","25"
"1983","Mauro Baldi","16"
"1984","Mauro Baldi","25"
"1985","Mauro Baldi","24"
"2013","Max Chilton","23"
"2014","Max Chilton","21"
"1952","Max de Terra","21"
"1953","Max de Terra","32"
"1971","Max Jean","26"
"2015","Max Verstappen","12"
"2016","Max Verstappen","5"
"2017","Max Verstappen","6"
"2018","Max Verstappen","4"
"2019","Max Verstappen","3"
"2020","Max Verstappen","3"
"2021","Max Verstappen","1"
"2022","Max Verstappen","1"
"2023","Max Verstappen","1"
"2024","Max Verstappen","1"
"1959","MÃ¡rio de AraÃºjo Cabral","34"
"1960","MÃ¡rio de AraÃºjo Cabral","67"
"1963","MÃ¡rio de AraÃºjo Cabral","31"
"1964","MÃ¡rio de AraÃºjo Cabral","29"
"1961","Menato Boffa","55"
"1993","Michael Andretti","11"
"1991","Michael Bartels","38"
"1977","Michael Bleekemolen","51"
"1978","Michael Bleekemolen","35"
"1961","Michael May","27"
"1991","Michael Schumacher","14"
"1992","Michael Schumacher","3"
"1993","Michael Schumacher","4"
"1994","Michael Schumacher","1"
"1995","Michael Schumacher","1"
"1996","Michael Schumacher","3"
"1997","Michael Schumacher","26"
"1998","Michael Schumacher","2"
"1999","Michael Schumacher","5"
"2000","Michael Schumacher","1"
"2001","Michael Schumacher","1"
"2002","Michael Schumacher","1"
"2003","Michael Schumacher","1"
"2004","Michael Schumacher","1"
"2005","Michael Schumacher","3"
"2006","Michael Schumacher","2"
"2010","Michael Schumacher","9"
"2011","Michael Schumacher","8"
"2012","Michael Schumacher","13"
"1975","Michel LeclÃ¨re","47"
"1976","Michel LeclÃ¨re","25"
"1981","Michele Alboreto","27"
"1982","Michele Alboreto","8"
"1983","Michele Alboreto","12"
"1984","Michele Alboreto","4"
"1985","Michele Alboreto","2"
"1986","Michele Alboreto","9"
"1987","Michele Alboreto","7"
"1988","Michele Alboreto","5"
"1989","Michele Alboreto","13"
"1990","Michele Alboreto","24"
"1991","Michele Alboreto","35"
"1992","Michele Alboreto","10"
"1993","Michele Alboreto","27"
"1994","Michele Alboreto","25"
"2021","Mick Schumacher","19"
"2022","Mick Schumacher","16"
"1981","Miguel Ãngel Guerra","31"
"1991","Mika HÃ¤kkinen","16"
"1992","Mika HÃ¤kkinen","8"
"1993","Mika HÃ¤kkinen","15"
"1994","Mika HÃ¤kkinen","4"
"1995","Mika HÃ¤kkinen","7"
"1996","Mika HÃ¤kkinen","5"
"1997","Mika HÃ¤kkinen","6"
"1998","Mika HÃ¤kkinen","1"
"1999","Mika HÃ¤kkinen","1"
"2000","Mika HÃ¤kkinen","2"
"2001","Mika HÃ¤kkinen","5"
"1994","Mika Salo","32"
"1995","Mika Salo","15"
"1996","Mika Salo","13"
"1997","Mika Salo","17"
"1998","Mika Salo","13"
"1999","Mika Salo","10"
"2000","Mika Salo","11"
"2002","Mika Salo","17"
"1971","Mike Beuttler","34"
"1972","Mike Beuttler","26"
"1973","Mike Beuttler","23"
"1967","Mike Fisher","28"
"1963","Mike Hailwood","22"
"1964","Mike Hailwood","21"
"1965","Mike Hailwood","21"
"1971","Mike Hailwood","18"
"1972","Mike Hailwood","8"
"1973","Mike Hailwood","22"
"1974","Mike Hailwood","9"
"1962","Mike Harris","39"
"1952","Mike Hawthorn","5"
"1953","Mike Hawthorn","4"
"1954","Mike Hawthorn","3"
"1955","Mike Hawthorn","27"
"1956","Mike Hawthorn","10"
"1957","Mike Hawthorn","4"
"1958","Mike Hawthorn","1"
"1957","Mike MacDowel","25"
"1957","Mike Magill","53"
"1958","Mike Magill","40"
"1959","Mike Magill","54"
"1951","Mike Nazaruk","3"
"1953","Mike Nazaruk","49"
"1954","Mike Nazaruk","9"
"1959","Mike Parkes","71"
"1966","Mike Parkes","7"
"1967","Mike Parkes","15"
"1955","Mike Sparken","32"
"1963","Mike Spence","27"
"1964","Mike Spence","12"
"1965","Mike Spence","8"
"1966","Mike Spence","11"
"1967","Mike Spence","10"
"1968","Mike Spence","20"
"1959","Mike Taylor","64"
"1960","Mike Taylor","69"
"1980","Mike Thackwell","34"
"1984","Mike Thackwell","31"
"1974","Mike Wilds","47"
"1975","Mike Wilds","23"
"1976","Mike Wilds","42"
"1977","Mikko Kozarowitzky","45"
"1963","MoisÃ©s Solana","27"
"1964","MoisÃ©s Solana","26"
"1965","MoisÃ©s Solana","27"
"1966","MoisÃ©s Solana","30"
"1967","MoisÃ©s Solana","39"
"1968","MoisÃ©s Solana","35"
"1950","Myron Fohr","29"
"1970","Nanni Galli","40"
"1971","Nanni Galli","28"
"1972","Nanni Galli","30"
"1973","Nanni Galli","22"
"1991","Naoki Hattori","40"
"2005","Narain Karthikeyan","18"
"2011","Narain Karthikeyan","26"
"2012","Narain Karthikeyan","24"
"1960","Nasif EstÃ©fano","15"
"1962","Nasif EstÃ©fano","45"
"1963","Nasif EstÃ©fano","33"
"1950","Nello Pagani","24"
"1978","Nelson Piquet","28"
"1979","Nelson Piquet","16"
"1980","Nelson Piquet","2"
"1981","Nelson Piquet","1"
"1982","Nelson Piquet","11"
"1983","Nelson Piquet","1"
"1984","Nelson Piquet","5"
"1985","Nelson Piquet","8"
"1986","Nelson Piquet","3"
"1987","Nelson Piquet","1"
"1988","Nelson Piquet","6"
"1989","Nelson Piquet","8"
"1990","Nelson Piquet","3"
"1991","Nelson Piquet","6"
"2008","Nelson Piquet Jr.","12"
"2009","Nelson Piquet Jr.","20"
"1962","Neville Lederle","19"
"1963","Neville Lederle","51"
"1965","Neville Lederle","22"
"2020","Nicholas Latifi","21"
"2021","Nicholas Latifi","17"
"2022","Nicholas Latifi","20"
"2000","Nick Heidfeld","20"
"2001","Nick Heidfeld","8"
"2002","Nick Heidfeld","10"
"2003","Nick Heidfeld","14"
"2004","Nick Heidfeld","18"
"2005","Nick Heidfeld","9"
"2006","Nick Heidfeld","9"
"2007","Nick Heidfeld","5"
"2008","Nick Heidfeld","6"
"2009","Nick Heidfeld","13"
"2010","Nick Heidfeld","18"
"2011","Nick Heidfeld","8"
"2010","Nico HÃ¼lkenberg","14"
"2012","Nico HÃ¼lkenberg","11"
"2013","Nico HÃ¼lkenberg","10"
"2014","Nico HÃ¼lkenberg","9"
"2015","Nico HÃ¼lkenberg","10"
"2016","Nico HÃ¼lkenberg","9"
"2017","Nico HÃ¼lkenberg","10"
"2018","Nico HÃ¼lkenberg","7"
"2019","Nico HÃ¼lkenberg","14"
"2020","Nico HÃ¼lkenberg","15"
"2022","Nico HÃ¼lkenberg","17"
"2023","Nico HÃ¼lkenberg","16"
"2024","Nico HÃ¼lkenberg","11"
"2006","Nico Rosberg","17"
"2007","Nico Rosberg","9"
"2008","Nico Rosberg","13"
"2009","Nico Rosberg","7"
"2010","Nico Rosberg","7"
"2011","Nico Rosberg","7"
"2012","Nico Rosberg","9"
"2013","Nico Rosberg","6"
"2014","Nico Rosberg","2"
"2015","Nico Rosberg","2"
"2016","Nico Rosberg","1"
"1987","Nicola Larini","29"
"1988","Nicola Larini","27"
"1989","Nicola Larini","33"
"1990","Nicola Larini","19"
"1991","Nicola Larini","28"
"1992","Nicola Larini","29"
"1994","Nicola Larini","5"
"1997","Nicola Larini","15"
"2003","Nicolas Kiesa","23"
"1980","Nigel Mansell","30"
"1981","Nigel Mansell","14"
"1982","Nigel Mansell","14"
"1983","Nigel Mansell","13"
"1984","Nigel Mansell","10"
"1985","Nigel Mansell","6"
"1986","Nigel Mansell","2"
"1987","Nigel Mansell","2"
"1988","Nigel Mansell","9"
"1989","Nigel Mansell","4"
"1990","Nigel Mansell","5"
"1991","Nigel Mansell","2"
"1992","Nigel Mansell","1"
"1994","Nigel Mansell","9"
"1995","Nigel Mansell","20"
"1971","Niki Lauda","33"
"1972","Niki Lauda","23"
"1973","Niki Lauda","17"
"1974","Niki Lauda","4"
"1975","Niki Lauda","1"
"1976","Niki Lauda","2"
"1977","Niki Lauda","1"
"1978","Niki Lauda","4"
"1979","Niki Lauda","14"
"1982","Niki Lauda","5"
"1983","Niki Lauda","10"
"1984","Niki Lauda","1"
"1985","Niki Lauda","10"
"2021","Nikita Mazepin","21"
"1950","Nino Farina","1"
"1951","Nino Farina","4"
"1952","Nino Farina","2"
"1953","Nino Farina","3"
"1954","Nino Farina","5"
"1955","Nino Farina","5"
"1961","Nino Vaccarella","40"
"1962","Nino Vaccarella","20"
"1965","Nino Vaccarella","25"
"1997","Norberto Fontana","23"
"1976","Noritake Takahara","27"
"1977","Noritake Takahara","48"
"2022","Nyck de Vries","20"
"2023","Nyck de Vries","20"
"2024","Oliver Bearman","10"
"1994","Olivier Beretta","26"
"1956","Olivier Gendebien","16"
"1958","Olivier Gendebien","26"
"1959","Olivier Gendebien","14"
"1960","Olivier Gendebien","6"
"1961","Olivier Gendebien","14"
"1989","Olivier Grouillard","26"
"1990","Olivier Grouillard","31"
"1991","Olivier Grouillard","33"
"1992","Olivier Grouillard","24"
"1994","Olivier Panis","11"
"1995","Olivier Panis","8"
"1996","Olivier Panis","9"
"1997","Olivier Panis","9"
"1998","Olivier Panis","22"
"1999","Olivier Panis","16"
"2001","Olivier Panis","14"
"2002","Olivier Panis","14"
"2003","Olivier Panis","15"
"2004","Olivier Panis","14"
"1951","Onofre MarimÃ³n","52"
"1953","Onofre MarimÃ³n","11"
"1954","Onofre MarimÃ³n","10"
"1953","Oscar GÃ¡lvez","5"
"1988","Oscar Larrauri","32"
"1989","Oscar Larrauri","45"
"2023","Oscar Piastri","9"
"2024","Oscar Piastri","5"
"1953","Oswald Karch","84"
"1976","Otto Stuppacher","44"
"1954","Ottorino Volonterio","68"
"1956","Ottorino Volonterio","47"
"1957","Ottorino Volonterio","41"
"1953","Pablo Birger","16"
"1955","Pablo Birger","22"
"1951","Paco Godia","39"
"1954","Paco Godia","31"
"1956","Paco Godia","9"
"1957","Paco Godia","32"
"1958","Paco Godia","26"
"1963","Paddy Driver","48"
"1974","Paddy Driver","30"
"1989","Paolo Barilla","41"
"1990","Paolo Barilla","27"
"1987","Pascal Fabre","23"
"2016","Pascal Wehrlein","19"
"2017","Pascal Wehrlein","18"
"2011","Pastor Maldonado","19"
"2012","Pastor Maldonado","15"
"2013","Pastor Maldonado","18"
"2014","Pastor Maldonado","16"
"2015","Pastor Maldonado","14"
"1950","Pat Flaherty","26"
"1953","Pat Flaherty","50"
"1954","Pat Flaherty","54"
"1955","Pat Flaherty","33"
"1956","Pat Flaherty","4"
"1959","Pat Flaherty","38"
"1954","Pat O'Connor","49"
"1955","Pat O'Connor","30"
"1956","Pat O'Connor","36"
"1957","Pat O'Connor","24"
"1958","Pat O'Connor","61"
"1972","Patrick Depailler","24"
"1974","Patrick Depailler","9"
"1975","Patrick Depailler","9"
"1976","Patrick Depailler","4"
"1977","Patrick Depailler","9"
"1978","Patrick Depailler","5"
"1979","Patrick Depailler","4"
"1980","Patrick Depailler","28"
"2005","Patrick Friesacher","21"
"1979","Patrick Gaillard","29"
"1976","Patrick NÃ¨ve","33"
"1977","Patrick NÃ¨ve","22"
"1977","Patrick Tambay","18"
"1978","Patrick Tambay","14"
"1979","Patrick Tambay","23"
"1981","Patrick Tambay","19"
"1982","Patrick Tambay","7"
"1983","Patrick Tambay","4"
"1984","Patrick Tambay","11"
"1985","Patrick Tambay","12"
"1986","Patrick Tambay","15"
"1992","Paul Belmondo","25"
"1994","Paul Belmondo","39"
"2011","Paul di Resta","13"
"2012","Paul di Resta","14"
"2013","Paul di Resta","12"
"2017","Paul di Resta","23"
"1956","Paul Emery","68"
"1958","Paul Emery","25"
"1957","Paul England","63"
"1952","Paul FrÃ¨re","17"
"1953","Paul FrÃ¨re","42"
"1954","Paul FrÃ¨re","60"
"1955","Paul FrÃ¨re","11"
"1956","Paul FrÃ¨re","6"
"1958","Paul Goldsmith","64"
"1959","Paul Goldsmith","9"
"1960","Paul Goldsmith","7"
"1965","Paul Hawkins","18"
"1950","Paul Pietsch","72"
"1951","Paul Pietsch","52"
"1952","Paul Pietsch","84"
"1950","Paul Russo","25"
"1953","Paul Russo","11"
"1954","Paul Russo","18"
"1955","Paul Russo","8"
"1956","Paul Russo","17"
"1957","Paul Russo","11"
"1958","Paul Russo","42"
"1959","Paul Russo","15"
"1991","Pedro Chaves","38"
"1999","Pedro de la Rosa","18"
"2000","Pedro de la Rosa","16"
"2001","Pedro de la Rosa","16"
"2002","Pedro de la Rosa","21"
"2005","Pedro de la Rosa","11"
"2006","Pedro de la Rosa","11"
"2010","Pedro de la Rosa","17"
"2011","Pedro de la Rosa","18"
"2012","Pedro de la Rosa","25"
"1995","Pedro Diniz","21"
"1996","Pedro Diniz","15"
"1997","Pedro Diniz","16"
"1998","Pedro Diniz","14"
"1999","Pedro Diniz","14"
"2000","Pedro Diniz","18"
"1993","Pedro Lamy","30"
"1994","Pedro Lamy","18"
"1995","Pedro Lamy","18"
"1996","Pedro Lamy","20"
"1963","Pedro RodrÃ­guez","36"
"1964","Pedro RodrÃ­guez","22"
"1965","Pedro RodrÃ­guez","14"
"1966","Pedro RodrÃ­guez","28"
"1967","Pedro RodrÃ­guez","6"
"1968","Pedro RodrÃ­guez","6"
"1969","Pedro RodrÃ­guez","15"
"1970","Pedro RodrÃ­guez","7"
"1971","Pedro RodrÃ­guez","4"
"1959","Pete Lovely","22"
"1960","Pete Lovely","49"
"1969","Pete Lovely","19"
"1970","Pete Lovely","34"
"1971","Pete Lovely","41"
"1962","Peter Arundell","26"
"1963","Peter Arundell","29"
"1964","Peter Arundell","4"
"1966","Peter Arundell","17"
"1959","Peter Ashdown","34"
"1963","Peter Broeker","19"
"1952","Peter Collins","26"
"1953","Peter Collins","26"
"1954","Peter Collins","34"
"1955","Peter Collins","55"
"1956","Peter Collins","3"
"1957","Peter Collins","9"
"1958","Peter Collins","4"
"1963","Peter de Klerk","42"
"1965","Peter de Klerk","10"
"1969","Peter de Klerk","9"
"1970","Peter de Klerk","11"
"1970","Peter Gethin","23"
"1971","Peter Gethin","9"
"1972","Peter Gethin","21"
"1973","Peter Gethin","41"
"1974","Peter Gethin","43"
"1951","Peter Hirt","21"
"1952","Peter Hirt","23"
"1953","Peter Hirt","76"
"1961","Peter Monteverdi","40"
"1964","Peter Revson","24"
"1971","Peter Revson","50"
"1972","Peter Revson","5"
"1973","Peter Revson","5"
"1974","Peter Revson","25"
"1961","Peter Ryan","24"
"1950","Peter Walker","22"
"1951","Peter Walker","25"
"1955","Peter Walker","57"
"1970","Peter Westbury","42"
"1950","Peter Whitehead","9"
"1951","Peter Whitehead","35"
"1952","Peter Whitehead","47"
"1953","Peter Whitehead","36"
"1954","Peter Whitehead","83"
"1959","Phil Cade","57"
"1958","Phil Hill","10"
"1959","Phil Hill","4"
"1960","Phil Hill","5"
"1961","Phil Hill","1"
"1962","Phil Hill","5"
"1963","Phil Hill","25"
"1964","Phil Hill","19"
"1966","Phil Hill","30"
"1951","Philip Fotheringham-Parker","51"
"1994","Philippe Adams","33"
"1984","Philippe Alliot","30"
"1985","Philippe Alliot","26"
"1986","Philippe Alliot","19"
"1987","Philippe Alliot","17"
"1988","Philippe Alliot","24"
"1989","Philippe Alliot","29"
"1990","Philippe Alliot","23"
"1993","Philippe Alliot","16"
"1994","Philippe Alliot","37"
"1950","Philippe Ã‰tancelin","18"
"1951","Philippe Ã‰tancelin","30"
"1952","Philippe Ã‰tancelin","26"
"1984","Philippe Streiff","33"
"1985","Philippe Streiff","15"
"1986","Philippe Streiff","14"
"1987","Philippe Streiff","15"
"1988","Philippe Streiff","21"
"1981","Piercarlo Ghinzani","27"
"1983","Piercarlo Ghinzani","28"
"1984","Piercarlo Ghinzani","19"
"1985","Piercarlo Ghinzani","27"
"1986","Piercarlo Ghinzani","27"
"1987","Piercarlo Ghinzani","24"
"1988","Piercarlo Ghinzani","33"
"1989","Piercarlo Ghinzani","37"
"1984","Pierluigi Martini","34"
"1985","Pierluigi Martini","24"
"1988","Pierluigi Martini","17"
"1989","Pierluigi Martini","15"
"1990","Pierluigi Martini","21"
"1991","Pierluigi Martini","11"
"1992","Pierluigi Martini","16"
"1993","Pierluigi Martini","23"
"1994","Pierluigi Martini","21"
"1995","Pierluigi Martini","18"
"1952","Piero Carini","75"
"1953","Piero Carini","97"
"1960","Piero Drogo","33"
"1952","Piero Dusio","105"
"1956","Piero Scotti","47"
"1950","Piero Taruffi","61"
"1951","Piero Taruffi","6"
"1952","Piero Taruffi","3"
"1954","Piero Taruffi","26"
"1955","Piero Taruffi","6"
"1956","Piero Taruffi","64"
"2017","Pierre Gasly","21"
"2018","Pierre Gasly","15"
"2019","Pierre Gasly","7"
"2020","Pierre Gasly","10"
"2021","Pierre Gasly","9"
"2022","Pierre Gasly","14"
"2023","Pierre Gasly","11"
"2024","Pierre Gasly","15"
"1950","Pierre Levegh","29"
"1951","Pierre Levegh","29"
"1988","Pierre-Henri Raphanel","36"
"1989","Pierre-Henri Raphanel","39"
"1967","Piers Courage","24"
"1968","Piers Courage","20"
"1969","Piers Courage","8"
"1970","Piers Courage","24"
"2020","Pietro Fittipaldi","23"
"1950","Prince Bira","8"
"1951","Prince Bira","62"
"1952","Prince Bira","35"
"1953","Prince Bira","27"
"1954","Prince Bira","17"
"1997","Ralf Schumacher","11"
"1998","Ralf Schumacher","10"
"1999","Ralf Schumacher","6"
"2000","Ralf Schumacher","5"
"2001","Ralf Schumacher","4"
"2002","Ralf Schumacher","4"
"2003","Ralf Schumacher","5"
"2004","Ralf Schumacher","9"
"2005","Ralf Schumacher","6"
"2006","Ralf Schumacher","10"
"2007","Ralf Schumacher","16"
"2003","Ralph Firman","19"
"1982","Raul Boesel","30"
"1983","Raul Boesel","24"
"1955","Ray Crawford","59"
"1956","Ray Crawford","58"
"1959","Ray Crawford","45"
"1965","Ray Reed","29"
"1950","Raymond Sommer","15"
"1959","Red Amick","55"
"1960","Red Amick","25"
"1950","Reg Parnell","10"
"1951","Reg Parnell","10"
"1952","Reg Parnell","25"
"1954","Reg Parnell","77"
"1970","Reine Wisell","15"
"1971","Reine Wisell","12"
"1972","Reine Wisell","31"
"1973","Reine Wisell","33"
"1974","Reine Wisell","36"
"1961","Renato Pirocchi","29"
"1978","RenÃ© Arnoux","26"
"1979","RenÃ© Arnoux","8"
"1980","RenÃ© Arnoux","6"
"1981","RenÃ© Arnoux","9"
"1982","RenÃ© Arnoux","6"
"1983","RenÃ© Arnoux","3"
"1984","RenÃ© Arnoux","6"
"1985","RenÃ© Arnoux","4"
"1986","RenÃ© Arnoux","10"
"1987","RenÃ© Arnoux","20"
"1988","RenÃ© Arnoux","28"
"1989","RenÃ© Arnoux","24"
"1975","Renzo Zorzi","39"
"1976","Renzo Zorzi","9"
"1977","Renzo Zorzi","14"
"1981","Ricardo LondoÃ±o","31"
"1961","Ricardo RodrÃ­guez","37"
"1962","Ricardo RodrÃ­guez","12"
"1996","Ricardo Rosset","18"
"1998","Ricardo Rosset","20"
"1999","Ricardo Zonta","22"
"2000","Ricardo Zonta","14"
"2001","Ricardo Zonta","19"
"2004","Ricardo Zonta","22"
"2005","Ricardo Zonta","24"
"1979","Ricardo Zunino","24"
"1980","Ricardo Zunino","19"
"1981","Ricardo Zunino","22"
"1982","Riccardo Paletti","30"
"1977","Riccardo Patrese","20"
"1978","Riccardo Patrese","12"
"1979","Riccardo Patrese","20"
"1980","Riccardo Patrese","9"
"1981","Riccardo Patrese","11"
"1982","Riccardo Patrese","10"
"1983","Riccardo Patrese","9"
"1984","Riccardo Patrese","13"
"1985","Riccardo Patrese","25"
"1986","Riccardo Patrese","17"
"1987","Riccardo Patrese","13"
"1988","Riccardo Patrese","11"
"1989","Riccardo Patrese","3"
"1990","Riccardo Patrese","7"
"1991","Riccardo Patrese","3"
"1992","Riccardo Patrese","2"
"1993","Riccardo Patrese","5"
"1964","Richard Attwood","29"
"1965","Richard Attwood","16"
"1967","Richard Attwood","24"
"1968","Richard Attwood","13"
"1969","Richard Attwood","8"
"1974","Richard Robarts","31"
"1960","Richie Ginther","9"
"1961","Richie Ginther","4"
"1962","Richie Ginther","8"
"1963","Richie Ginther","3"
"1964","Richie Ginther","5"
"1965","Richie Ginther","7"
"1966","Richie Ginther","11"
"1967","Richie Ginther","24"
"1973","Rikky von Opel","33"
"1974","Rikky von Opel","23"
"2016","Rio Haryanto","23"
"1962","Rob Schroeder","25"
"1962","Rob Slotemaker","21"
"2005","Robert Doornbos","25"
"2006","Robert Doornbos","24"
"2006","Robert Kubica","16"
"2007","Robert Kubica","6"
"2008","Robert Kubica","4"
"2009","Robert Kubica","14"
"2010","Robert Kubica","8"
"2019","Robert Kubica","19"
"2021","Robert Kubica","20"
"1958","Robert La Caze","48"
"1950","Robert Manzon","16"
"1951","Robert Manzon","25"
"1952","Robert Manzon","6"
"1953","Robert Manzon","11"
"1954","Robert Manzon","14"
"1955","Robert Manzon","50"
"1956","Robert Manzon","37"
"1952","Robert O'Brien","34"
"1960","Roberto Bonomi","12"
"1961","Roberto Bussinello","46"
"1962","Roberto Bussinello","27"
"1965","Roberto Bussinello","26"
"1982","Roberto Guerrero","31"
"1983","Roberto Guerrero","29"
"1961","Roberto Lippi","49"
"1962","Roberto Lippi","44"
"1963","Roberto Lippi","40"
"2015","Roberto Merhi","19"
"1953","Roberto Mieres","22"
"1954","Roberto Mieres","11"
"1955","Roberto Mieres","8"
"1982","Roberto Moreno","38"
"1987","Roberto Moreno","21"
"1989","Roberto Moreno","35"
"1990","Roberto Moreno","11"
"1991","Roberto Moreno","10"
"1995","Roberto Moreno","32"
"1952","Robin Montgomerie-Charrington","47"
"1968","Robin Widdows","26"
"1951","Rodger Ward","49"
"1952","Rodger Ward","44"
"1953","Rodger Ward","34"
"1954","Rodger Ward","51"
"1955","Rodger Ward","63"
"1956","Rodger Ward","26"
"1957","Rodger Ward","59"
"1958","Rodger Ward","46"
"1959","Rodger Ward","10"
"1960","Rodger Ward","5"
"1963","Rodger Ward","33"
"1953","Rodney Nuckey","43"
"1954","Rodney Nuckey","89"
"1975","Roelof Wunderink","45"
"1952","Roger Laurent","20"
"1954","Roger Loyer","12"
"1961","Roger Penske","22"
"1962","Roger Penske","23"
"1973","Roger Williamson","35"
"1994","Roland Ratzenberger","20"
"1970","Rolf Stommelen","11"
"1971","Rolf Stommelen","19"
"1972","Rolf Stommelen","27"
"1973","Rolf Stommelen","30"
"1974","Rolf Stommelen","34"
"1975","Rolf Stommelen","22"
"1976","Rolf Stommelen","20"
"1978","Rolf Stommelen","27"
"2009","Romain Grosjean","23"
"2012","Romain Grosjean","8"
"2013","Romain Grosjean","7"
"2014","Romain Grosjean","14"
"2015","Romain Grosjean","11"
"2016","Romain Grosjean","13"
"2017","Romain Grosjean","13"
"2018","Romain Grosjean","14"
"2019","Romain Grosjean","18"
"2020","Romain Grosjean","18"
"1954","Ron Flockhart","70"
"1956","Ron Flockhart","13"
"1957","Ron Flockhart","40"
"1958","Ron Flockhart","57"
"1959","Ron Flockhart","21"
"1960","Ron Flockhart","25"
"1964","Ronnie Bucknum","26"
"1965","Ronnie Bucknum","15"
"1966","Ronnie Bucknum","22"
"1970","Ronnie Peterson","27"
"1971","Ronnie Peterson","2"
"1972","Ronnie Peterson","9"
"1973","Ronnie Peterson","3"
"1974","Ronnie Peterson","5"
"1975","Ronnie Peterson","13"
"1976","Ronnie Peterson","11"
"1977","Ronnie Peterson","14"
"1978","Ronnie Peterson","2"
"1952","Roy Salvadori","31"
"1953","Roy Salvadori","81"
"1954","Roy Salvadori","62"
"1955","Roy Salvadori","59"
"1956","Roy Salvadori","41"
"1957","Roy Salvadori","17"
"1958","Roy Salvadori","4"
"1959","Roy Salvadori","20"
"1960","Roy Salvadori","32"
"1961","Roy Salvadori","17"
"1962","Roy Salvadori","36"
"1993","Rubens Barrichello","18"
"1994","Rubens Barrichello","6"
"1995","Rubens Barrichello","11"
"1996","Rubens Barrichello","8"
"1997","Rubens Barrichello","13"
"1998","Rubens Barrichello","12"
"1999","Rubens Barrichello","7"
"2000","Rubens Barrichello","4"
"2001","Rubens Barrichello","3"
"2002","Rubens Barrichello","2"
"2003","Rubens Barrichello","4"
"2004","Rubens Barrichello","2"
"2005","Rubens Barrichello","8"
"2006","Rubens Barrichello","7"
"2007","Rubens Barrichello","20"
"2008","Rubens Barrichello","14"
"2009","Rubens Barrichello","3"
"2010","Rubens Barrichello","10"
"2011","Rubens Barrichello","17"
"1951","Rudi Fischer","21"
"1952","Rudi Fischer","4"
"1952","Rudolf Krause","76"
"1953","Rudolf Krause","53"
"1952","Rudolf Schoeller","78"
"1977","Rupert Keegan","21"
"1978","Rupert Keegan","28"
"1980","Rupert Keegan","24"
"1982","Rupert Keegan","33"
"2006","Sakon Yamamoto","26"
"2007","Sakon Yamamoto","24"
"2010","Sakon Yamamoto","26"
"1950","Sam Hanks","64"
"1951","Sam Hanks","27"
"1952","Sam Hanks","6"
"1953","Sam Hanks","8"
"1954","Sam Hanks","23"
"1955","Sam Hanks","51"
"1956","Sam Hanks","5"
"1957","Sam Hanks","2"
"1971","Sam Posey","49"
"1972","Sam Posey","32"
"1962","Sam Tingle","52"
"1963","Sam Tingle","46"
"1965","Sam Tingle","13"
"1967","Sam Tingle","9"
"1968","Sam Tingle","15"
"1969","Sam Tingle","8"
"1987","Satoru Nakajima","12"
"1988","Satoru Nakajima","16"
"1989","Satoru Nakajima","21"
"1990","Satoru Nakajima","15"
"1991","Satoru Nakajima","15"
"2008","SÃ©bastien Bourdais","17"
"2009","SÃ©bastien Bourdais","16"
"2009","SÃ©bastien Buemi","16"
"2010","SÃ©bastien Buemi","16"
"2011","SÃ©bastien Buemi","15"
"2006","Scott Speed","20"
"2007","Scott Speed","19"
"2007","Sebastian Vettel","14"
"2008","Sebastian Vettel","8"
"2009","Sebastian Vettel","2"
"2010","Sebastian Vettel","1"
"2011","Sebastian Vettel","1"
"2012","Sebastian Vettel","1"
"2013","Sebastian Vettel","1"
"2014","Sebastian Vettel","5"
"2015","Sebastian Vettel","3"
"2016","Sebastian Vettel","4"
"2017","Sebastian Vettel","2"
"2018","Sebastian Vettel","2"
"2019","Sebastian Vettel","5"
"2020","Sebastian Vettel","13"
"2021","Sebastian Vettel","12"
"2022","Sebastian Vettel","12"
"2018","Sergey Sirotkin","20"
"1953","Sergio Mantovani","31"
"1954","Sergio Mantovani","16"
"1955","Sergio Mantovani","12"
"2011","Sergio PÃ©rez","16"
"2012","Sergio PÃ©rez","10"
"2013","Sergio PÃ©rez","11"
"2014","Sergio PÃ©rez","10"
"2015","Sergio PÃ©rez","9"
"2016","Sergio PÃ©rez","7"
"2017","Sergio PÃ©rez","7"
"2018","Sergio PÃ©rez","8"
"2019","Sergio PÃ©rez","10"
"2020","Sergio PÃ©rez","4"
"2021","Sergio PÃ©rez","4"
"2022","Sergio PÃ©rez","3"
"2023","Sergio PÃ©rez","2"
"2024","Sergio PÃ©rez","6"
"1997","Shinji Nakano","18"
"1998","Shinji Nakano","18"
"1955","Shorty Templeman","50"
"1958","Shorty Templeman","44"
"1960","Shorty Templeman","35"
"1981","Siegfried Stohr","22"
"1967","Silvio Moser","28"
"1968","Silvio Moser","22"
"1969","Silvio Moser","16"
"1970","Silvio Moser","35"
"1971","Silvio Moser","40"
"1971","Skip Barber","37"
"1972","Skip Barber","34"
"1981","Slim Borgudd","20"
"1982","Slim Borgudd","13"
"1984","Stefan Bellof","31"
"1985","Stefan Bellof","13"
"1980","Stefan Johansson","27"
"1983","Stefan Johansson","25"
"1984","Stefan Johansson","17"
"1985","Stefan Johansson","7"
"1986","Stefan Johansson","5"
"1987","Stefan Johansson","6"
"1988","Stefan Johansson","25"
"1989","Stefan Johansson","12"
"1990","Stefan Johansson","31"
"1991","Stefan Johansson","30"
"1987","Stefano Modena","30"
"1988","Stefano Modena","29"
"1989","Stefano Modena","18"
"1990","Stefano Modena","17"
"1991","Stefano Modena","8"
"1992","Stefano Modena","17"
"1980","Stephen South","30"
"1951","Stirling Moss","8"
"1952","Stirling Moss","73"
"1953","Stirling Moss","20"
"1954","Stirling Moss","15"
"1955","Stirling Moss","2"
"1956","Stirling Moss","2"
"1957","Stirling Moss","2"
"1958","Stirling Moss","2"
"1959","Stirling Moss","3"
"1960","Stirling Moss","3"
"1961","Stirling Moss","3"
"2016","Stoffel Vandoorne","13"
"2017","Stoffel Vandoorne","16"
"2018","Stoffel Vandoorne","16"
"1957","Stuart Lewis-Evans","12"
"1958","Stuart Lewis-Evans","9"
"1962","Syd van der Vyver","44"
"1994","Taki Inoue","43"
"1995","Taki Inoue","24"
"2002","Takuma Sato","15"
"2003","Takuma Sato","18"
"2004","Takuma Sato","8"
"2005","Takuma Sato","23"
"2006","Takuma Sato","23"
"2007","Takuma Sato","17"
"2008","Takuma Sato","19"
"1997","Tarso Marques","25"
"2001","Tarso Marques","22"
"1955","Ted Whiteaway","33"
"1974","Teddy Pilette","32"
"1977","Teddy Pilette","48"
"1982","Teo Fabi","35"
"1984","Teo Fabi","12"
"1985","Teo Fabi","31"
"1986","Teo Fabi","16"
"1987","Teo Fabi","9"
"1953","Theo Fitzau","91"
"1952","Theo Helfrich","89"
"1953","Theo Helfrich","47"
"1954","Theo Helfrich","64"
"1983","Thierry Boutsen","21"
"1984","Thierry Boutsen","15"
"1985","Thierry Boutsen","11"
"1986","Thierry Boutsen","20"
"1987","Thierry Boutsen","8"
"1988","Thierry Boutsen","4"
"1989","Thierry Boutsen","5"
"1990","Thierry Boutsen","6"
"1991","Thierry Boutsen","26"
"1992","Thierry Boutsen","14"
"1993","Thierry Boutsen","23"
"1963","Thomas Monarch","45"
"2005","Tiago Monteiro","16"
"2006","Tiago Monteiro","21"
"1980","Tiff Needell","28"
"1959","Tim Parnell","78"
"1961","Tim Parnell","25"
"1963","Tim Parnell","36"
"1970","Tim Schenken","35"
"1971","Tim Schenken","14"
"1972","Tim Schenken","19"
"1973","Tim Schenken","33"
"1974","Tim Schenken","32"
"1962","Timmy Mayer","34"
"2004","Timo Glock","19"
"2008","Timo Glock","10"
"2009","Timo Glock","10"
"2010","Timo Glock","25"
"2011","Timo Glock","25"
"2012","Timo Glock","20"
"1974","Tom BelsÃ¸","23"
"1958","Tom Bridger","63"
"1967","Tom Jones","38"
"1974","Tom Pryce","19"
"1975","Tom Pryce","10"
"1976","Tom Pryce","12"
"1977","Tom Pryce","20"
"2001","TomÃ¡Å¡ Enge","24"
"1982","Tommy Byrne","37"
"1950","Toni Branca","33"
"1951","Toni Branca","62"
"1952","Toni Ulmen","31"
"1950","Tony Bettenhausen","15"
"1951","Tony Bettenhausen","24"
"1952","Tony Bettenhausen","45"
"1953","Tony Bettenhausen","23"
"1954","Tony Bettenhausen","32"
"1955","Tony Bettenhausen","7"
"1956","Tony Bettenhausen","50"
"1957","Tony Bettenhausen","33"
"1958","Tony Bettenhausen","11"
"1959","Tony Bettenhausen","7"
"1960","Tony Bettenhausen","41"
"1975","Tony Brise","19"
"1956","Tony Brooks","55"
"1957","Tony Brooks","5"
"1958","Tony Brooks","3"
"1959","Tony Brooks","2"
"1960","Tony Brooks","11"
"1961","Tony Brooks","10"
"1952","Tony Crook","57"
"1953","Tony Crook","80"
"1952","Tony Gaze","62"
"1961","Tony Maggs","23"
"1962","Tony Maggs","7"
"1963","Tony Maggs","8"
"1964","Tony Maggs","11"
"1965","Tony Maggs","11"
"1957","Tony Marsh","45"
"1958","Tony Marsh","31"
"1961","Tony Marsh","29"
"1962","Tony Marsh","32"
"1950","Tony Rolt","21"
"1953","Tony Rolt","58"
"1955","Tony Rolt","64"
"1962","Tony Settember","31"
"1963","Tony Settember","21"
"1962","Tony Shelly","36"
"1975","Tony Trimmer","51"
"1976","Tony Trimmer","47"
"1977","Tony Trimmer","48"
"1978","Tony Trimmer","39"
"1998","Toranosuke Takagi","21"
"1999","Toranosuke Takagi","20"
"1975","Torsten Palm","23"
"1993","Toshio Suzuki","31"
"1950","Toulo de Graffenried","23"
"1951","Toulo de Graffenried","16"
"1952","Toulo de Graffenried","24"
"1953","Toulo de Graffenried","8"
"1954","Toulo de Graffenried","36"
"1956","Toulo de Graffenried","34"
"1950","Travis Webb","38"
"1952","Travis Webb","43"
"1953","Travis Webb","47"
"1954","Travis Webb","56"
"1963","Trevor Blokdyk","31"
"1965","Trevor Blokdyk","21"
"1959","Trevor Taylor","76"
"1961","Trevor Taylor","16"
"1962","Trevor Taylor","10"
"1963","Trevor Taylor","16"
"1964","Trevor Taylor","20"
"1966","Trevor Taylor","26"
"1950","Troy Ruttman","33"
"1951","Troy Ruttman","45"
"1952","Troy Ruttman","2"
"1954","Troy Ruttman","11"
"1956","Troy Ruttman","60"
"1957","Troy Ruttman","60"
"1958","Troy Ruttman","37"
"1960","Troy Ruttman","38"
"1992","Ukyo Katayama","25"
"1993","Ukyo Katayama","28"
"1994","Ukyo Katayama","17"
"1995","Ukyo Katayama","20"
"1996","Ukyo Katayama","17"
"1997","Ukyo Katayama","24"
"1953","Umberto Maglioli","36"
"1954","Umberto Maglioli","17"
"1955","Umberto Maglioli","21"
"1956","Umberto Maglioli","57"
"1957","Umberto Maglioli","55"
"2013","Valtteri Bottas","17"
"2014","Valtteri Bottas","4"
"2015","Valtteri Bottas","5"
"2016","Valtteri Bottas","8"
"2017","Valtteri Bottas","3"
"2018","Valtteri Bottas","5"
"2019","Valtteri Bottas","2"
"2020","Valtteri Bottas","2"
"2021","Valtteri Bottas","3"
"2022","Valtteri Bottas","10"
"2023","Valtteri Bottas","15"
"2024","Valtteri Bottas","21"
"1974","Vern Schuppan","36"
"1975","Vern Schuppan","36"
"1977","Vern Schuppan","22"
"1968","Vic Elford","18"
"1969","Vic Elford","12"
"1971","Vic Elford","24"
"1960","Vic Wilson","80"
"1966","Vic Wilson","19"
"2010","Vitaly Petrov","13"
"2011","Vitaly Petrov","10"
"2012","Vitaly Petrov","19"
"2005","Vitantonio Liuzzi","17"
"2006","Vitantonio Liuzzi","19"
"2007","Vitantonio Liuzzi","18"
"2009","Vitantonio Liuzzi","22"
"2010","Vitantonio Liuzzi","15"
"2011","Vitantonio Liuzzi","23"
"1974","Vittorio Brambilla","20"
"1975","Vittorio Brambilla","11"
"1976","Vittorio Brambilla","19"
"1977","Vittorio Brambilla","16"
"1978","Vittorio Brambilla","18"
"1979","Vittorio Brambilla","30"
"1980","Vittorio Brambilla","31"
"1989","Volker Weidler","41"
"1950","Walt Ader","40"
"1950","Walt Brown","37"
"1951","Walt Brown","48"
"1950","Walt Faulkner","21"
"1951","Walt Faulkner","30"
"1953","Walt Faulkner","35"
"1954","Walt Faulkner","27"
"1955","Walt Faulkner","19"
"1961","Walt Hansgen","43"
"1963","Walt Hansgen","40"
"1964","Walt Hansgen","17"
"1976","Warwick Brown","36"
"1960","Wayne Weiler","42"
"2014","Will Stevens","23"
"2015","Will Stevens","21"
"1952","Willi Heeks","66"
"1953","Willi Heeks","86"
"1960","Willy Mairesse","16"
"1961","Willy Mairesse","33"
"1962","Willy Mairesse","13"
"1963","Willy Mairesse","26"
"1972","Wilson Fittipaldi","22"
"1973","Wilson Fittipaldi","16"
"1975","Wilson Fittipaldi","27"
"1953","Wolfgang Seidel","59"
"1958","Wolfgang Seidel","52"
"1960","Wolfgang Seidel","37"
"1961","Wolfgang Seidel","34"
"1962","Wolfgang Seidel","30"
"1956","Wolfgang von Trips","77"
"1957","Wolfgang von Trips","14"
"1958","Wolfgang von Trips","10"
"1959","Wolfgang von Trips","23"
"1960","Wolfgang von Trips","7"
"1961","Wolfgang von Trips","2"
"1987","Yannick Dalmas","22"
"1988","Yannick Dalmas","18"
"1989","Yannick Dalmas","40"
"1990","Yannick Dalmas","25"
"1994","Yannick Dalmas","32"
"2006","Yuji Ide","22"
"2021","Yuki Tsunoda","14"
"2022","Yuki Tsunoda","17"
"2023","Yuki Tsunoda","14"
"2024","Yuki Tsunoda","12"
"1950","Yves Cabantous","13"
"1951","Yves Cabantous","17"
"1952","Yves Cabantous","31"
"1953","Yves Cabantous","59"
"2003","Zsolt Baumgartner","22"
"2004","Zsolt Baumgartner","20"
